customer_id,gender,age,country,tenure_months,monthly_charges,total_charges,contract_type,payment_method,has_internet_service,number_of_logins,watch_hours,churn
CUST_1,Male,34,Canada,14,74.48,4331.84,Two year,PayPal,Yes,42,81.94,No
CUST_2,Female,26,Germany,14,36.52,639.31,Month-to-month,Bank Transfer,Yes,22,90.56,No
CUST_3,Male,50,USA,57,78.3,4632.73,One year,Bank Transfer,Yes,26,11.98,Yes
CUST_4,Male,37,Germany,34,119.97,3195.05,Month-to-month,Bank Transfer,Yes,44,53.19,No
CUST_5,Male,30,Germany,53,35.05,366.51,Month-to-month,Other,Yes,36,28.45,No
CUST_6,Female,45,France,57,101.68,3256.86,One year,Credit Card,Yes,5,4.71,No
CUST_7,Male,65,Australia,20,40.73,,Two year,PayPal,Yes,0,66.85,Yes
CUST_8,Male,46,USA,11,98.24,442.02,One year,Credit Card,No,5,86.28,No
CUST_9,Male,30,Germany,16,93.46,2817.97,Two year,Other,Yes,49,16.29,No
CUST_10,Female,63,USA,51,50.05,3764.19,Two year,Credit Card,Yes,21,81.24,No
CUST_11,Male,52,Canada,31,52.58,4070.27,One year,Other,Yes,40,85.34,No
CUST_12,Male,23,France,55,99.25,2127.75,Month-to-month,Bank Transfer,Yes,23,91.43,No
CUST_13,Male,35,Canada,6,66.14,1100.42,One year,PayPal,No,24,26.53,Yes
CUST_14,Male,68,USA,56,93.08,307.48,Two year,Bank Transfer,Yes,14,90.4,No
CUST_15,Female,22,USA,19,34.8,2940.66,One year,Credit Card,Yes,25,32.07,No
CUST_16,Male,64,Australia,37,105.26,2319.26,One year,Bank Transfer,Yes,7,55.23,No
CUST_17,Female,42,Germany,58,91.09,4748.85,Two year,PayPal,Yes,23,5.05,No
CUST_18,Female,19,Germany,4,110.69,396.96,Month-to-month,Bank Transfer,Yes,47,4.39,No
CUST_19,Female,27,Canada,47,33.24,,One year,PayPal,Yes,37,72.04,No
CUST_20,Male,47,France,4,79.3,222.33,Two year,PayPal,Yes,5,44.45,No
CUST_21,Female,67,Germany,20,79.91,940.03,Two year,Bank Transfer,Yes,34,25.63,Yes
CUST_22,Male,62,Australia,10,55.35,2322.54,One year,Other,Yes,41,19.04,Yes
CUST_23,Female,22,Canada,24,65.85,,Month-to-month,Credit Card,Yes,0,67,No
CUST_24,Female,50,Canada,54,23.8,,One year,Other,Yes,45,0.04,Yes
CUST_25,Female,18,Australia,35,94.59,4560.04,Month-to-month,Other,Yes,35,80.59,No
CUST_26,Female,35,France,26,74.93,3231.26,Month-to-month,Bank Transfer,Yes,11,7.92,Yes
CUST_27,Female,49,Australia,37,25.77,4772.32,Month-to-month,Credit Card,Yes,37,19.15,No
CUST_28,Female,64,France,38,88.08,4419.92,Month-to-month,Credit Card,Yes,10,38.62,No
CUST_29,Female,66,Australia,21,66.68,2964.05,One year,Other,Yes,11,48.49,No
CUST_30,Female,28,Australia,54,23.45,4185.58,Two year,Bank Transfer,Yes,41,35.5,No
CUST_31,Male,38,USA,40,116.96,3248.63,Two year,Credit Card,Yes,49,32.07,No
CUST_32,Male,43,Canada,39,114.91,484.93,Two year,Other,Yes,38,96.39,Yes
CUST_33,Female,42,Australia,21,71.29,3728.77,Two year,Credit Card,Yes,6,64.16,Yes
CUST_34,Female,39,Australia,10,29.37,565.05,Two year,Bank Transfer,Yes,10,2.34,No
CUST_35,Female,44,Germany,38,95.46,3011.01,Two year,Bank Transfer,Yes,35,43.02,No
CUST_36,Male,66,Canada,46,69.19,3542.94,One year,Bank Transfer,Yes,30,87.5,No
CUST_37,Female,30,Germany,4,50.24,425.99,Month-to-month,Credit Card,Yes,32,30.15,No
CUST_38,Male,50,Canada,57,69.14,1230.89,Two year,PayPal,Yes,12,9.46,No
CUST_39,Male,51,Germany,45,72.24,4586.79,One year,Credit Card,Yes,17,75.84,No
CUST_40,Male,58,Australia,20,76.27,3119.94,Two year,PayPal,Yes,40,60.6,Yes
CUST_41,Male,52,Australia,17,64.12,1306.8,Two year,Bank Transfer,Yes,23,57.03,No
CUST_42,Male,18,USA,55,80.58,3484.33,Month-to-month,Other,Yes,8,5.36,No
CUST_43,Female,38,Germany,7,111.87,3024.2,Month-to-month,PayPal,Yes,30,14.05,No
CUST_44,Female,65,France,4,56.23,2557.72,Month-to-month,Bank Transfer,Yes,40,62.25,No
CUST_45,Female,23,USA,29,92.57,4883.32,Two year,Bank Transfer,Yes,9,20.78,No
CUST_46,Female,45,Germany,14,109.45,3448.92,Two year,PayPal,Yes,1,50.41,No
CUST_47,Female,34,Germany,3,65.6,1939.66,Two year,Other,Yes,37,54.49,No
CUST_48,Male,22,USA,24,64.35,4020.36,Month-to-month,Bank Transfer,Yes,14,28.35,Yes
CUST_49,Female,48,Australia,37,80.21,4434.46,One year,PayPal,No,2,94.84,Yes
CUST_50,Female,22,Germany,16,79.14,713.58,Two year,Other,No,42,84.25,No
CUST_51,Male,55,Australia,58,100.66,1082.71,Two year,Other,Yes,30,72.24,No
CUST_52,Female,20,USA,55,67.65,1159.51,Two year,Bank Transfer,Yes,5,7.8,No
CUST_53,Male,40,Australia,52,119.61,3486.94,One year,Credit Card,Yes,2,10.61,Yes
CUST_54,Female,54,Canada,4,25.95,,Two year,Credit Card,Yes,10,49.28,Yes
CUST_55,Male,54,France,56,20.32,3133.06,One year,Bank Transfer,Yes,14,16.07,No
CUST_56,Female,27,Germany,24,84.02,4709.79,Two year,Other,Yes,44,97.83,No
CUST_57,Female,27,France,34,49.84,3901.97,One year,Bank Transfer,Yes,27,15.85,No
CUST_58,Male,36,Australia,30,44.04,726.89,Two year,PayPal,Yes,9,48.75,No
CUST_59,Male,34,Germany,18,51.19,1802.78,Month-to-month,Credit Card,Yes,37,36.41,Yes
CUST_60,Male,38,Australia,19,45.6,2233.43,Month-to-month,PayPal,Yes,46,63.94,No
CUST_61,Male,31,Canada,31,23.08,2040.21,Month-to-month,Bank Transfer,Yes,49,12.9,No
CUST_62,Male,26,USA,19,117.15,3379.61,Month-to-month,Bank Transfer,No,49,43.03,No
CUST_63,Male,63,Germany,49,42.07,4470.28,Two year,Other,Yes,6,27.47,No
CUST_64,Male,18,Canada,46,93.4,1599.65,Month-to-month,Other,Yes,14,88.78,Yes
CUST_65,Male,68,Canada,19,96.26,2804.2,One year,Other,Yes,17,4.06,Yes
CUST_66,Female,62,Germany,22,112.93,3968.11,Month-to-month,PayPal,No,17,91.37,Yes
CUST_67,Female,30,Australia,24,23.05,2139.47,Month-to-month,Other,Yes,40,83.3,Yes
CUST_68,Male,21,Canada,45,107.2,923.78,Month-to-month,Bank Transfer,Yes,23,29.76,No
CUST_69,Female,18,France,12,72.72,2427.26,Two year,Other,Yes,1,78.93,No
CUST_70,Female,66,Canada,30,83.25,370.59,Month-to-month,Credit Card,Yes,39,3.12,No
CUST_71,Female,57,Australia,58,84.45,4717.68,One year,Other,Yes,19,96.69,No
CUST_72,Female,49,Australia,38,101.98,466.62,Month-to-month,PayPal,Yes,33,52.66,No
CUST_73,Male,51,France,53,53.34,2248.44,Month-to-month,Credit Card,Yes,42,30.33,Yes
CUST_74,Female,45,Canada,31,93.31,2696.42,Month-to-month,Credit Card,No,25,36.26,No
CUST_75,Male,48,Australia,36,72.86,4927.99,One year,Credit Card,Yes,6,6.64,No
CUST_76,Female,25,Germany,19,99.34,913.51,Month-to-month,PayPal,Yes,37,98.93,No
CUST_77,Female,56,USA,48,119.05,660.71,One year,Bank Transfer,Yes,29,3.93,No
CUST_78,Female,43,USA,45,40.07,142.66,One year,Other,Yes,41,65.49,No
CUST_79,Male,51,USA,36,119.46,862.3,Month-to-month,Credit Card,No,4,44.27,No
CUST_80,Female,20,Canada,30,28.98,1115.64,One year,Credit Card,Yes,10,94.89,No
CUST_81,Male,67,France,55,20.23,3189.85,Two year,Credit Card,Yes,0,24.6,Yes
CUST_82,Female,29,Australia,49,24.42,1176.56,Month-to-month,Bank Transfer,Yes,33,53.21,No
CUST_83,Male,18,Germany,55,54.18,200.55,Month-to-month,Bank Transfer,Yes,0,48.24,Yes
CUST_84,Female,61,Germany,33,83.29,4150.43,One year,PayPal,Yes,18,70.29,No
CUST_85,Male,22,Canada,18,26.9,1891.42,One year,Bank Transfer,Yes,1,6.8,Yes
CUST_86,Male,47,USA,52,20.57,1833.11,Month-to-month,Other,Yes,20,19.38,No
CUST_87,Female,47,Canada,49,113.71,1582.15,Two year,PayPal,Yes,19,21.46,Yes
CUST_88,Male,34,France,59,102.19,4879.33,One year,PayPal,Yes,22,73.82,No
CUST_89,Female,65,France,28,100.92,933.57,One year,Other,Yes,20,18.91,No
CUST_90,Female,64,Australia,59,108.44,4501.37,Two year,Other,No,23,57.35,No
CUST_91,Female,40,Australia,47,90,3906.34,Two year,Other,Yes,3,21.52,No
CUST_92,Female,32,France,11,30.44,474.75,Month-to-month,PayPal,Yes,11,86.16,No
CUST_93,Female,54,France,57,59.91,4934.97,Two year,PayPal,Yes,21,94.22,No
CUST_94,Female,38,France,54,92.31,1429.69,Month-to-month,PayPal,Yes,19,51.85,No
CUST_95,Female,31,Canada,45,48.03,583.06,Two year,Other,Yes,17,35.23,No
CUST_96,Female,19,France,33,88.74,4163.64,One year,Other,No,0,23.41,No
CUST_97,Female,28,Germany,17,22.45,3562.71,Month-to-month,Credit Card,Yes,29,4.98,No
CUST_98,Female,68,USA,6,50.61,3124.37,Month-to-month,Bank Transfer,No,32,26.85,No
CUST_99,Female,56,France,4,74.91,864.31,Month-to-month,Credit Card,Yes,23,65.42,No
CUST_100,Male,55,USA,20,83.21,2444.63,Two year,Other,Yes,13,53.36,No
CUST_101,Male,51,Canada,48,77.7,3924.72,One year,PayPal,No,35,94.4,No
CUST_102,Female,55,USA,47,89.78,1587.76,Month-to-month,Other,Yes,4,39.63,No
CUST_103,Female,67,Canada,27,20.61,1627.28,Month-to-month,Bank Transfer,No,10,69.39,Yes
CUST_104,Female,51,Germany,15,30.09,115.39,Month-to-month,Credit Card,Yes,23,48.93,No
CUST_105,Female,35,Canada,6,106.89,953.79,Month-to-month,Credit Card,No,30,51.26,No
CUST_106,Female,47,Canada,47,88.17,4389.49,One year,PayPal,Yes,12,26.78,No
CUST_107,Female,32,Australia,14,31.29,2264.56,Two year,Credit Card,Yes,15,45.5,No
CUST_108,Female,44,France,11,104.21,4922.75,One year,Credit Card,Yes,23,47.08,Yes
CUST_109,Female,68,France,39,44.22,2038.97,Month-to-month,Other,Yes,12,70.66,No
CUST_110,Male,51,Germany,9,67.83,3604.41,One year,Credit Card,Yes,23,94.06,No
CUST_111,Female,69,Germany,26,34.52,1481.4,Month-to-month,Credit Card,Yes,25,32.93,No
CUST_112,Male,55,France,16,91.01,1882.67,Two year,Credit Card,Yes,1,4.22,Yes
CUST_113,Female,50,Australia,5,86.69,1034.56,Two year,PayPal,Yes,15,49.63,No
CUST_114,Female,41,France,57,41.11,1800.61,Two year,PayPal,Yes,37,54.45,No
CUST_115,Male,32,Australia,52,106.34,2781.46,Month-to-month,Other,Yes,45,16.84,Yes
CUST_116,Female,47,Germany,10,60.13,4959.69,One year,Credit Card,Yes,0,76.05,No
CUST_117,Male,59,USA,50,49.25,3354.59,Two year,PayPal,Yes,48,98.49,No
CUST_118,Female,68,Germany,3,35.23,1076.31,Month-to-month,PayPal,Yes,10,94.58,No
CUST_119,Female,34,Germany,13,46.62,320.31,Month-to-month,Other,Yes,34,19.71,Yes
CUST_120,Male,22,Canada,43,22.2,719.15,One year,Bank Transfer,Yes,42,87.54,Yes
CUST_121,Female,46,Canada,49,78.33,2856.52,Two year,Credit Card,No,28,70.45,No
CUST_122,Male,21,Canada,30,104.22,3849.29,Month-to-month,PayPal,Yes,36,45.38,Yes
CUST_123,Female,27,Canada,54,74.9,4708.05,One year,Other,Yes,16,54.06,Yes
CUST_124,Male,34,Australia,45,41.93,177.53,Two year,Other,Yes,38,84.96,No
CUST_125,Male,27,France,6,23.37,2661.52,One year,Other,Yes,41,48.01,No
CUST_126,Female,34,USA,17,41.46,2407.25,One year,PayPal,Yes,27,37.32,No
CUST_127,Female,37,Germany,59,61.61,,Month-to-month,Credit Card,Yes,28,49.32,No
CUST_128,Male,41,Australia,45,95.96,2841.94,Month-to-month,Bank Transfer,Yes,42,57.91,No
CUST_129,Female,22,USA,51,38.78,3466.49,Month-to-month,Credit Card,Yes,2,18.91,No
CUST_130,Female,51,Australia,53,91.98,3324.6,One year,Other,Yes,9,90.09,Yes
CUST_131,Female,23,Australia,19,106.69,673.36,Month-to-month,Other,Yes,41,67.42,Yes
CUST_132,Male,19,Germany,42,65.39,4018.62,One year,Bank Transfer,No,13,63.33,No
CUST_133,Male,30,France,35,102.14,703.84,One year,Credit Card,Yes,11,9.95,No
CUST_134,Male,60,Canada,46,75.47,3522.8,Month-to-month,Other,Yes,46,60.42,No
CUST_135,Male,60,France,26,83.71,2139.11,Two year,Other,No,41,12.1,No
CUST_136,Male,65,Germany,51,72.63,2617.87,Two year,Credit Card,Yes,29,7.87,No
CUST_137,Male,28,Germany,5,66.32,4526.16,Two year,Other,Yes,31,52.73,Yes
CUST_138,Male,68,Germany,29,43.47,4460.43,One year,Credit Card,Yes,31,40.28,Yes
CUST_139,Male,64,USA,37,50.32,4107.5,One year,Other,No,41,58.88,No
CUST_140,Male,40,France,20,49,2599.73,One year,Credit Card,No,31,8.92,No
CUST_141,Female,33,France,49,76.33,3707.58,Month-to-month,Bank Transfer,Yes,25,43.1,No
CUST_142,Male,48,Australia,21,32,2613.2,One year,Other,Yes,0,17.48,Yes
CUST_143,Female,28,Australia,10,111.68,4361.07,Month-to-month,Bank Transfer,Yes,41,98.71,No
CUST_144,Female,33,Australia,5,92.07,2073.6,Month-to-month,Other,Yes,1,56.12,No
CUST_145,Female,25,Germany,36,60.14,,Two year,Other,Yes,16,68.74,No
CUST_146,Male,21,France,6,35.86,4668.38,Two year,PayPal,No,29,32.54,No
CUST_147,Male,57,Germany,26,108.2,3733.85,Two year,Credit Card,Yes,38,9.47,No
CUST_148,Male,21,USA,4,102.38,1469.14,Month-to-month,Bank Transfer,Yes,6,97.59,No
CUST_149,Male,42,Australia,39,92.17,745.1,Month-to-month,Bank Transfer,Yes,26,28.63,No
CUST_150,Female,20,Germany,39,47.15,4288.05,Month-to-month,Bank Transfer,Yes,8,42.38,Yes
CUST_151,Male,49,Germany,50,60.24,,One year,Credit Card,Yes,21,64.99,No
CUST_152,Male,20,USA,35,30.27,4285.88,Month-to-month,PayPal,Yes,33,2.47,Yes
CUST_153,Male,44,Canada,1,38.9,2504.75,Two year,Bank Transfer,No,45,81.03,No
CUST_154,Male,46,France,24,98.3,2092.13,Two year,Credit Card,No,48,53.66,No
CUST_155,Male,49,Canada,57,91.5,4525.63,Month-to-month,Other,Yes,0,27.82,No
CUST_156,Female,67,Australia,36,79.35,3058.87,Month-to-month,Bank Transfer,No,8,6.16,No
CUST_157,Male,68,Germany,6,109.57,2925.41,Two year,Bank Transfer,Yes,19,16.25,No
CUST_158,Female,36,USA,41,78.33,2837.95,Month-to-month,PayPal,Yes,18,89.5,No
CUST_159,Male,38,USA,54,66.7,1918.73,Two year,Bank Transfer,Yes,35,68.6,No
CUST_160,Female,22,France,46,54.04,3949.65,One year,Bank Transfer,Yes,39,24.99,No
CUST_161,Male,35,Canada,44,114.04,1338.71,Two year,Other,No,44,6.56,No
CUST_162,Male,45,France,57,28.27,4700.59,One year,Credit Card,Yes,3,69.06,No
CUST_163,Female,59,Germany,31,113.09,4480.53,Month-to-month,Credit Card,Yes,8,57.24,No
CUST_164,Female,39,France,20,102.67,1753.65,Month-to-month,PayPal,Yes,40,40.45,No
CUST_165,Female,38,USA,24,32.99,3674.37,One year,Other,Yes,21,36.36,No
CUST_166,Male,23,USA,25,76.5,2908.79,Month-to-month,Credit Card,Yes,17,21.68,Yes
CUST_167,Female,18,Australia,36,106.65,1754.48,One year,Other,Yes,11,66.96,Yes
CUST_168,Male,22,Australia,21,77.18,4943.76,Month-to-month,Credit Card,Yes,41,97.07,Yes
CUST_169,Male,58,Germany,30,110.72,223.66,Two year,Other,Yes,42,17.57,No
CUST_170,Female,29,Canada,24,114.3,1337.97,Month-to-month,PayPal,Yes,38,59.71,No
CUST_171,Female,43,France,44,62.24,2648.36,Two year,Bank Transfer,Yes,8,42.42,No
CUST_172,Male,63,Germany,42,57.73,2657.57,Two year,PayPal,Yes,5,44.67,No
CUST_173,Male,51,Australia,30,113.63,2985.77,One year,Credit Card,Yes,18,25.41,No
CUST_174,Female,66,France,22,87.51,3783.21,Month-to-month,PayPal,Yes,47,82.51,No
CUST_175,Female,31,Australia,28,31.6,3155.04,One year,Bank Transfer,Yes,46,48.53,Yes
CUST_176,Female,43,France,7,24.23,3041.38,Month-to-month,PayPal,Yes,6,54.34,Yes
CUST_177,Male,62,Canada,35,76.46,362.22,Two year,Credit Card,No,15,30.48,No
CUST_178,Male,44,Germany,55,113.02,1945,Two year,Credit Card,Yes,4,18.18,No
CUST_179,Male,26,France,28,104.42,1237.07,Month-to-month,PayPal,Yes,15,8.59,No
CUST_180,Male,43,USA,14,87.58,1400.31,Month-to-month,Bank Transfer,No,0,71.41,Yes
CUST_181,Male,64,USA,56,33.91,2816.25,One year,PayPal,Yes,36,19.62,No
CUST_182,Male,39,France,10,45.42,1077.58,Month-to-month,Bank Transfer,Yes,38,69.01,No
CUST_183,Female,64,France,16,107.55,1540.35,Month-to-month,Other,Yes,18,39.04,Yes
CUST_184,Male,47,France,16,38.28,1261.72,Month-to-month,Bank Transfer,No,36,41.58,Yes
CUST_185,Male,60,USA,54,47.84,4747.66,One year,Other,No,16,46.92,Yes
CUST_186,Male,65,USA,31,32.96,4728.86,Month-to-month,PayPal,Yes,25,36.77,No
CUST_187,Female,34,France,42,87.61,3088.71,Two year,Bank Transfer,Yes,21,10.06,Yes
CUST_188,Male,43,Australia,25,114.4,4630.16,One year,Other,Yes,7,30.96,No
CUST_189,Male,53,Australia,13,46.9,3950.48,One year,Other,No,32,66.37,No
CUST_190,Female,18,Canada,6,67.54,2990.74,Two year,Other,No,1,66.58,Yes
CUST_191,Male,25,Germany,44,83.43,131.53,Two year,Credit Card,Yes,29,28.62,Yes
CUST_192,Male,66,Australia,9,119.95,3885.33,Two year,PayPal,Yes,46,46.01,No
CUST_193,Male,52,USA,45,30.48,3542.19,Month-to-month,Other,Yes,19,19.34,Yes
CUST_194,Male,69,Australia,36,69.86,3114.74,Two year,Bank Transfer,Yes,17,21.04,No
CUST_195,Male,32,Canada,56,58.51,3826.08,Month-to-month,Other,Yes,42,2.3,No
CUST_196,Female,64,Canada,43,106.58,2613.32,One year,Credit Card,Yes,9,89.67,Yes
CUST_197,Female,39,Germany,20,67.6,3550.01,One year,PayPal,Yes,23,21.07,No
CUST_198,Female,31,Australia,18,31.1,4682.34,Two year,Credit Card,Yes,3,22.75,Yes
CUST_199,Male,43,USA,58,83.44,1941.44,Month-to-month,Credit Card,No,36,27.96,No
CUST_200,Male,45,USA,43,97.08,3569.8,Two year,Credit Card,Yes,3,12.74,No
CUST_201,Male,40,France,57,20.29,2430.87,Two year,Bank Transfer,Yes,12,63.93,No
CUST_202,Female,31,USA,21,105.9,3404.56,Month-to-month,PayPal,Yes,24,7.51,Yes
CUST_203,Male,41,Germany,4,38.6,3838.18,Two year,PayPal,No,12,13.42,No
CUST_204,Male,19,Germany,50,75.21,322.72,One year,Bank Transfer,Yes,17,64.48,No
CUST_205,Female,62,USA,33,61.58,3268.34,Two year,PayPal,Yes,23,33.97,Yes
CUST_206,Male,43,USA,27,91.97,1211.03,Month-to-month,Credit Card,Yes,1,70.79,No
CUST_207,Female,31,France,7,57.12,3383.16,Month-to-month,PayPal,Yes,47,55.74,No
CUST_208,Female,68,USA,6,106.98,,One year,Bank Transfer,Yes,32,25.6,No
CUST_209,Female,24,France,15,93.05,3890.41,Month-to-month,Credit Card,Yes,18,65.08,Yes
CUST_210,Male,20,France,18,84.77,704.66,Month-to-month,Bank Transfer,No,8,11.63,No
CUST_211,Male,64,USA,32,99.62,3168.98,One year,Other,Yes,27,53.64,No
CUST_212,Male,40,Canada,56,95.4,1464.51,Two year,Credit Card,Yes,34,43.71,Yes
CUST_213,Male,63,Canada,11,23.59,4279.61,One year,Credit Card,Yes,38,26.79,No
CUST_214,Male,60,France,20,59.47,4649.08,Two year,PayPal,Yes,9,60.4,No
CUST_215,Male,64,USA,24,113.08,4982.35,One year,Credit Card,Yes,0,87.13,No
CUST_216,Male,62,Canada,15,32.57,4000.44,Two year,Bank Transfer,Yes,41,99.89,Yes
CUST_217,Female,35,USA,48,93.71,3793.3,One year,PayPal,Yes,20,60.78,No
CUST_218,Male,55,USA,7,117.46,1155.95,Two year,Other,Yes,8,40.47,No
CUST_219,Female,52,USA,21,25.22,1746.43,One year,Bank Transfer,Yes,46,22.52,No
CUST_220,Male,68,Australia,42,88.22,2381.84,Two year,Other,Yes,14,25.71,No
CUST_221,Male,32,USA,26,66.82,3889.57,One year,Other,Yes,34,47.95,No
CUST_222,Male,42,Australia,44,77.92,4583.33,Month-to-month,Other,No,4,36.73,No
CUST_223,Female,54,France,56,28.53,1026.78,Two year,Credit Card,Yes,40,91.38,No
CUST_224,Female,45,Canada,14,24.3,4619.6,One year,Bank Transfer,Yes,21,36.83,No
CUST_225,Female,27,Canada,57,86.69,3508.56,Two year,Bank Transfer,Yes,40,37.34,No
CUST_226,Female,56,Canada,37,102.33,3092.78,Two year,Credit Card,Yes,22,38.35,No
CUST_227,Male,34,Canada,58,98.2,1079.22,One year,PayPal,Yes,6,83.66,No
CUST_228,Female,56,Canada,21,74.38,372.07,Two year,Other,No,22,65.08,No
CUST_229,Male,39,Canada,18,29.99,2885.48,One year,Bank Transfer,Yes,43,61.42,No
CUST_230,Male,43,Canada,5,88.8,3292.43,Month-to-month,Credit Card,Yes,24,33.41,Yes
CUST_231,Female,61,France,3,44.19,1132.83,Two year,Other,Yes,26,81.79,Yes
CUST_232,Female,42,USA,23,111.11,2826.64,Month-to-month,PayPal,Yes,40,3.84,No
CUST_233,Female,34,Germany,26,103.83,4296.82,Two year,PayPal,Yes,5,87.08,No
CUST_234,Female,30,Australia,37,90.94,4191.82,Two year,Other,Yes,33,51.27,Yes
CUST_235,Female,37,Germany,24,114.88,4644.04,Two year,PayPal,Yes,8,39.83,No
CUST_236,Female,42,Germany,49,23.14,1892.84,One year,Bank Transfer,No,48,49.72,No
CUST_237,Female,21,USA,19,93.62,1658.44,Month-to-month,Bank Transfer,Yes,32,66.74,Yes
CUST_238,Female,27,USA,51,53.02,3772.19,Two year,Bank Transfer,Yes,5,1.28,No
CUST_239,Male,20,USA,25,110.61,2212.45,One year,PayPal,Yes,36,87.16,No
CUST_240,Female,58,Canada,21,46.67,528.99,Two year,Bank Transfer,Yes,30,44.67,No
CUST_241,Female,62,France,12,92.49,1485.73,One year,Credit Card,Yes,33,34.3,Yes
CUST_242,Male,35,Canada,57,107.76,2151.05,Two year,Bank Transfer,Yes,40,13.82,Yes
CUST_243,Female,64,France,41,24.17,1533.33,Month-to-month,Bank Transfer,No,28,43.95,No
CUST_244,Male,53,France,33,59.76,,Month-to-month,PayPal,No,13,49.63,No
CUST_245,Male,64,Germany,50,96.23,1539.5,Two year,Bank Transfer,No,35,40.36,No
CUST_246,Female,39,Germany,53,65.49,303.35,One year,Other,Yes,35,67.87,No
CUST_247,Male,51,France,4,46.73,3221.76,Two year,Credit Card,Yes,14,42.09,Yes
CUST_248,Male,64,France,42,41.98,3026.73,One year,PayPal,Yes,7,96.14,No
CUST_249,Male,25,Canada,57,33.15,3301.58,Two year,Credit Card,Yes,25,59.93,Yes
CUST_250,Male,57,Canada,7,105.71,,One year,Other,Yes,35,80.75,Yes
CUST_251,Female,66,Germany,22,77.54,1548.71,Month-to-month,PayPal,Yes,47,10.94,No
CUST_252,Male,61,USA,55,27.64,3136.12,Two year,PayPal,Yes,20,39.73,Yes
CUST_253,Female,36,France,33,58.26,3038.18,Month-to-month,Bank Transfer,Yes,27,33.68,No
CUST_254,Male,59,Canada,17,56.77,2581.02,Month-to-month,Credit Card,Yes,3,56.95,No
CUST_255,Male,58,Germany,24,38.17,1817.02,Two year,Other,Yes,15,86.11,Yes
CUST_256,Male,54,Canada,34,63.55,4573.36,Two year,Other,Yes,21,7.83,No
CUST_257,Male,23,France,28,53.21,1764.87,One year,PayPal,Yes,11,7.26,No
CUST_258,Female,69,France,58,54.18,2332.53,One year,Bank Transfer,Yes,15,85.03,No
CUST_259,Female,43,Australia,43,93.9,3422.76,Month-to-month,PayPal,Yes,39,21.29,Yes
CUST_260,Male,51,USA,41,42.33,,One year,PayPal,Yes,37,66.88,No
CUST_261,Male,62,Australia,39,84.19,1799.74,One year,PayPal,Yes,41,54.29,No
CUST_262,Female,23,Germany,22,77.06,2234.66,Two year,PayPal,Yes,36,83.29,No
CUST_263,Male,54,Canada,49,76.81,3992.96,One year,Other,Yes,28,12.51,No
CUST_264,Male,50,Germany,17,86.3,1462.83,Month-to-month,Other,Yes,17,12.98,No
CUST_265,Male,39,France,34,74.84,797.05,One year,PayPal,Yes,9,55.68,Yes
CUST_266,Female,38,Australia,6,107.93,1634.5,Month-to-month,PayPal,Yes,41,94.64,No
CUST_267,Female,23,Australia,46,87.56,4262.72,Two year,Bank Transfer,Yes,38,41.5,Yes
CUST_268,Female,23,Australia,6,74.7,536.05,Month-to-month,PayPal,No,17,32.69,No
CUST_269,Male,65,Germany,34,102.98,4959.31,One year,Other,Yes,0,60.67,No
CUST_270,Male,21,France,1,80.61,,Two year,Credit Card,Yes,38,93.04,No
CUST_271,Female,47,Canada,10,49.11,4925.74,One year,Other,Yes,20,83.69,Yes
CUST_272,Female,28,Canada,21,40.71,4701.08,Two year,Bank Transfer,Yes,0,99.55,No
CUST_273,Female,47,Germany,5,35.23,2318.79,Two year,Other,Yes,14,2.26,No
CUST_274,Female,48,Australia,2,109.95,1072.61,One year,Credit Card,Yes,3,11.29,No
CUST_275,Male,41,USA,22,91.01,907.94,One year,PayPal,No,19,60.95,No
CUST_276,Female,26,Germany,48,113.74,1275.95,Two year,Credit Card,Yes,9,82.06,No
CUST_277,Male,20,Germany,57,80.33,3579.65,Two year,PayPal,Yes,22,28.52,No
CUST_278,Female,68,France,2,67.34,1437.45,One year,PayPal,Yes,40,23.92,No
CUST_279,Male,48,Canada,10,25.97,1772.98,Month-to-month,Other,No,33,78.7,No
CUST_280,Female,57,Germany,34,87.16,2299.02,One year,Other,Yes,45,5.64,No
CUST_281,Female,54,Germany,16,78.22,4574.84,Two year,Other,Yes,47,36.94,No
CUST_282,Female,53,Australia,48,119.02,1028.03,One year,Bank Transfer,Yes,32,50.58,No
CUST_283,Female,41,Australia,51,43.92,124.63,Month-to-month,Other,Yes,33,56.03,Yes
CUST_284,Male,48,USA,39,73.07,394.47,One year,Bank Transfer,Yes,38,72.86,No
CUST_285,Female,23,France,22,85.1,4533.36,Two year,Other,Yes,9,35.48,No
CUST_286,Male,19,USA,12,84.46,3272.83,One year,PayPal,Yes,19,61.27,Yes
CUST_287,Male,37,Australia,24,76.13,1437.9,Two year,Bank Transfer,Yes,0,58.54,No
CUST_288,Male,45,Canada,47,97.69,,Two year,Credit Card,No,12,54.76,No
CUST_289,Male,28,Australia,40,40.5,1541.91,One year,Bank Transfer,Yes,0,64.05,No
CUST_290,Female,21,France,38,92.56,662.5,Two year,Bank Transfer,No,4,25.94,No
CUST_291,Male,32,Australia,59,81.97,4713.51,Two year,Credit Card,Yes,15,8.46,No
CUST_292,Male,23,France,10,109.61,3942.61,Month-to-month,Bank Transfer,Yes,14,11.93,Yes
CUST_293,Male,66,France,35,104.72,2365.72,Month-to-month,PayPal,Yes,48,22.46,No
CUST_294,Female,47,France,51,51.51,4338.32,Month-to-month,Other,Yes,27,50.02,No
CUST_295,Female,55,France,49,47.62,1322.35,Month-to-month,Credit Card,Yes,30,84.04,No
CUST_296,Female,68,France,32,118.17,3613.89,Two year,Other,Yes,22,70.13,No
CUST_297,Female,19,Canada,7,72.73,4295.05,One year,PayPal,Yes,47,78.9,Yes
CUST_298,Male,32,USA,21,110.64,,Two year,Credit Card,Yes,44,35.1,No
CUST_299,Male,28,Germany,20,36.39,,Two year,Other,Yes,42,40.47,No
CUST_300,Female,25,USA,26,84.28,1545.85,Two year,Other,Yes,16,39.37,No
CUST_301,Male,43,France,4,100.99,1564.4,One year,PayPal,Yes,48,19.19,No
CUST_302,Male,68,Canada,46,114.74,624.58,Month-to-month,Other,Yes,33,6.12,No
CUST_303,Male,62,Australia,52,53.73,2256.28,Two year,PayPal,No,12,59.09,No
CUST_304,Female,61,Canada,22,92.5,3675.59,Two year,Bank Transfer,Yes,13,98.92,No
CUST_305,Female,22,France,15,73.88,4707.08,Month-to-month,PayPal,Yes,10,16.68,No
CUST_306,Male,23,Canada,56,26.06,3058.61,Two year,Bank Transfer,Yes,27,4.67,No
CUST_307,Female,43,Canada,40,89,4329.36,One year,Credit Card,Yes,41,77.95,No
CUST_308,Female,21,France,21,89.01,4130.22,Two year,Other,No,31,25.26,No
CUST_309,Female,36,Canada,15,113.06,949.38,Two year,PayPal,Yes,34,82.96,No
CUST_310,Female,37,Germany,22,69.73,2480.51,Month-to-month,PayPal,Yes,30,70.39,Yes
CUST_311,Female,50,Germany,52,43.03,672.93,Two year,Other,Yes,16,94.57,No
CUST_312,Male,37,Canada,28,24.46,3442.55,Two year,Other,Yes,46,40.89,Yes
CUST_313,Female,66,Australia,14,61.56,4754.51,One year,Credit Card,No,8,66.2,No
CUST_314,Male,29,France,27,50.19,771.74,Month-to-month,Credit Card,Yes,9,46.49,No
CUST_315,Male,64,Germany,41,96.11,3696.03,Month-to-month,PayPal,Yes,7,63.06,No
CUST_316,Female,18,Australia,40,55.43,3197.97,One year,Credit Card,Yes,20,44.96,No
CUST_317,Male,43,Canada,58,114.91,2959.66,Two year,Bank Transfer,Yes,12,18.86,Yes
CUST_318,Male,31,Australia,28,116.23,2011.59,Month-to-month,Credit Card,Yes,49,50.79,No
CUST_319,Male,55,USA,26,82.09,1840.15,Month-to-month,Credit Card,Yes,4,52.86,No
CUST_320,Female,54,Germany,49,112.87,321.72,Two year,PayPal,Yes,5,81.06,No
CUST_321,Female,28,Canada,2,96.09,1167.75,Two year,Bank Transfer,No,29,73.55,Yes
CUST_322,Male,53,France,25,74.69,174.37,Month-to-month,Credit Card,Yes,30,66.38,No
CUST_323,Female,30,Canada,56,38.03,2948.94,Two year,Bank Transfer,Yes,16,11.34,No
CUST_324,Female,60,France,3,65.86,618.68,Month-to-month,Bank Transfer,Yes,10,72.06,No
CUST_325,Female,20,Canada,8,76.09,4377.8,Two year,Bank Transfer,No,19,50.03,No
CUST_326,Female,50,Australia,44,106.4,2663.4,Two year,Other,Yes,47,89.41,No
CUST_327,Male,23,Australia,33,68.13,3528.48,One year,Other,Yes,8,91.99,No
CUST_328,Male,67,Australia,42,109.77,2113.2,Two year,Other,Yes,1,5.52,No
CUST_329,Female,27,USA,52,87.43,2846.84,One year,Other,Yes,36,82.06,No
CUST_330,Female,22,France,35,33.7,4719.03,Two year,PayPal,Yes,0,3.77,No
CUST_331,Male,40,Australia,6,119.5,505.4,Month-to-month,Credit Card,Yes,3,36.72,No
CUST_332,Male,27,USA,39,72.72,1344.3,Month-to-month,Other,Yes,35,54.23,No
CUST_333,Female,61,France,52,59.19,3921.94,Two year,PayPal,Yes,24,14.81,No
CUST_334,Male,19,Canada,23,85.91,583.81,Two year,Credit Card,Yes,2,74.63,No
CUST_335,Female,30,USA,25,30.89,470.74,Month-to-month,Other,No,8,0.84,No
CUST_336,Female,57,Germany,59,83.65,1871.55,Two year,Credit Card,No,21,16.86,Yes
CUST_337,Male,19,USA,50,69.82,551.62,One year,Other,Yes,22,58.08,No
CUST_338,Male,37,USA,43,60.67,2966.88,One year,PayPal,Yes,11,71.44,Yes
CUST_339,Female,18,France,19,115.3,1208.75,One year,Bank Transfer,Yes,9,91.66,No
CUST_340,Female,54,Canada,5,72.25,4488.92,One year,Bank Transfer,Yes,33,70.55,Yes
CUST_341,Male,26,Germany,51,41.91,3939.15,One year,Credit Card,Yes,42,67.18,No
CUST_342,Female,34,Australia,11,65.9,3528.56,Two year,PayPal,Yes,9,39.43,No
CUST_343,Male,26,Australia,56,111.94,3123.03,Two year,Bank Transfer,Yes,29,0.13,No
CUST_344,Female,28,USA,12,37.61,4330.98,One year,Other,Yes,21,12.02,Yes
CUST_345,Male,32,France,10,41.4,1193,Two year,Bank Transfer,Yes,5,53.46,No
CUST_346,Male,41,France,8,21.3,4378.23,Two year,Credit Card,Yes,49,67.51,No
CUST_347,Male,55,Australia,24,21.42,3968.51,One year,Credit Card,Yes,1,41.74,No
CUST_348,Female,52,Germany,28,102.94,3765.99,Two year,PayPal,Yes,29,73.07,No
CUST_349,Female,47,Canada,41,93.21,2850.15,Two year,Credit Card,Yes,1,52.19,No
CUST_350,Male,48,Germany,36,55.5,1306.6,Two year,Bank Transfer,Yes,31,7.42,No
CUST_351,Female,66,Canada,37,89.83,2175.38,One year,Bank Transfer,Yes,41,19.2,No
CUST_352,Male,22,Australia,21,59.52,3988.5,Two year,Bank Transfer,Yes,15,84,Yes
CUST_353,Male,61,Canada,8,115.29,255.71,Month-to-month,Bank Transfer,No,11,72.49,No
CUST_354,Female,67,France,55,116.71,3932.05,Month-to-month,PayPal,Yes,0,89.48,No
CUST_355,Female,31,USA,9,59.28,1276.35,One year,Other,Yes,7,11.76,No
CUST_356,Male,28,USA,47,105.42,807.12,Month-to-month,Other,Yes,47,99.02,No
CUST_357,Female,26,Australia,15,97.31,666.94,One year,PayPal,No,49,20.94,No
CUST_358,Female,51,France,48,51,233.53,Month-to-month,Credit Card,No,12,1.18,No
CUST_359,Male,29,Germany,46,43.2,2665.57,Month-to-month,Other,Yes,14,99.74,No
CUST_360,Male,52,France,40,65.82,1169.47,Month-to-month,Credit Card,No,43,28.11,No
CUST_361,Female,52,USA,18,98.13,4948.22,One year,Other,Yes,7,66.8,No
CUST_362,Male,18,USA,42,116.02,2914.74,One year,Credit Card,Yes,9,17.67,No
CUST_363,Male,57,France,20,96.36,775.64,Two year,PayPal,Yes,45,58.02,No
CUST_364,Female,39,France,6,105.52,,One year,Bank Transfer,Yes,4,90.4,Yes
CUST_365,Male,46,USA,12,80.31,4498.94,Month-to-month,Credit Card,No,49,32.02,No
CUST_366,Male,25,Germany,2,103.54,3751.38,Month-to-month,Bank Transfer,Yes,18,67.03,No
CUST_367,Female,28,Australia,7,98.44,474.56,One year,Credit Card,No,46,18.79,No
CUST_368,Female,58,Australia,16,57.7,4489.83,One year,Credit Card,Yes,37,62.48,Yes
CUST_369,Male,54,France,3,75.2,3990.25,One year,Credit Card,Yes,10,33.65,No
CUST_370,Male,31,Australia,45,100.48,875.69,Two year,Credit Card,Yes,42,21.12,No
CUST_371,Female,47,USA,3,24.61,353.75,Month-to-month,Credit Card,Yes,19,31.32,No
CUST_372,Female,52,USA,27,100.81,2830.82,Two year,Bank Transfer,Yes,19,17.88,No
CUST_373,Female,38,France,50,37.79,864.58,Two year,Credit Card,Yes,20,90.19,No
CUST_374,Female,54,France,43,71.47,4189.5,Month-to-month,Bank Transfer,No,17,39.72,Yes
CUST_375,Male,22,France,40,100.83,1855.84,Month-to-month,PayPal,Yes,49,24.53,Yes
CUST_376,Female,36,Germany,38,45.38,4573.17,One year,Other,Yes,9,44.84,No
CUST_377,Female,31,Australia,33,44.58,2871.87,One year,Credit Card,Yes,33,32.05,No
CUST_378,Male,43,France,28,60.28,995.09,Two year,Other,Yes,25,74.44,Yes
CUST_379,Female,21,Canada,1,109.46,784.03,One year,Bank Transfer,No,29,97.12,Yes
CUST_380,Male,42,Canada,55,20.04,2924.71,One year,PayPal,Yes,8,43.8,Yes
CUST_381,Female,62,USA,8,110.14,3833.23,Month-to-month,PayPal,Yes,45,86.1,No
CUST_382,Female,59,Australia,37,35.38,3929.38,Month-to-month,PayPal,Yes,30,56.59,Yes
CUST_383,Female,42,France,32,119.01,1451.21,One year,Other,Yes,41,15.72,No
CUST_384,Male,35,Canada,48,115.48,1100.81,Month-to-month,Bank Transfer,Yes,3,69.06,No
CUST_385,Male,57,Australia,43,69.47,,One year,Credit Card,Yes,5,51.34,Yes
CUST_386,Female,25,USA,37,71.27,3428.08,Month-to-month,Credit Card,Yes,13,65.06,No
CUST_387,Male,56,Germany,4,68.15,475.18,Month-to-month,Bank Transfer,Yes,3,88.97,No
CUST_388,Male,57,Australia,30,83.54,2161.73,Month-to-month,Other,Yes,25,44.04,No
CUST_389,Male,31,Australia,6,29.07,3048.24,Month-to-month,Credit Card,Yes,46,90.12,No
CUST_390,Male,49,Germany,46,23.26,4691.83,One year,Bank Transfer,Yes,47,75.07,No
CUST_391,Male,68,Australia,54,25.77,1627.83,Two year,Credit Card,Yes,38,48.86,No
CUST_392,Male,55,USA,19,64.44,,Month-to-month,PayPal,Yes,16,60.32,Yes
CUST_393,Female,50,USA,32,47.55,3305.38,One year,Credit Card,Yes,18,32.56,Yes
CUST_394,Female,40,Germany,9,82.2,3134.27,One year,Other,No,48,98.36,No
CUST_395,Male,32,France,12,119.24,1727.34,Month-to-month,Bank Transfer,Yes,5,66.74,No
CUST_396,Female,50,Canada,11,58.63,4647.7,Two year,Other,Yes,28,4.38,No
CUST_397,Female,42,France,46,77.38,4239.83,Month-to-month,Bank Transfer,No,10,32.66,No
CUST_398,Female,34,Australia,55,61.56,1197.51,One year,PayPal,Yes,15,62.33,No
CUST_399,Female,50,Canada,16,104.73,1271.8,Two year,Bank Transfer,Yes,29,5.63,No
CUST_400,Male,64,Germany,1,110.22,2610.27,One year,Credit Card,Yes,24,2.39,No
CUST_401,Female,19,Germany,45,107.74,3890.5,Month-to-month,Credit Card,Yes,39,45,No
CUST_402,Female,31,Canada,55,117.44,315.8,Two year,PayPal,Yes,10,33.27,No
CUST_403,Male,57,USA,53,22.75,3497.34,One year,Bank Transfer,Yes,6,43.83,No
CUST_404,Male,57,Canada,21,103.98,3276.36,One year,PayPal,No,25,26.27,No
CUST_405,Female,68,Australia,30,95.18,1234.25,One year,Credit Card,Yes,21,16.47,No
CUST_406,Female,56,USA,13,42.87,,Month-to-month,Other,Yes,24,68.91,No
CUST_407,Female,68,Germany,34,115.63,4706.9,Two year,PayPal,Yes,18,51.46,No
CUST_408,Female,23,Canada,4,34.82,329.25,Month-to-month,Other,Yes,30,20.02,Yes
CUST_409,Female,23,France,28,87.95,1666.3,Month-to-month,Other,Yes,25,31.96,No
CUST_410,Female,20,France,38,42.49,2247.07,Month-to-month,Bank Transfer,Yes,41,59.18,Yes
CUST_411,Male,24,Australia,58,63.14,4506.38,Two year,PayPal,Yes,40,7.22,Yes
CUST_412,Female,68,France,31,91.92,4815.08,Month-to-month,Other,Yes,35,14.75,No
CUST_413,Female,25,Canada,59,76.33,2276.16,Month-to-month,Other,No,22,7.32,Yes
CUST_414,Male,59,Canada,55,62.75,3775.14,Month-to-month,Bank Transfer,No,46,81.23,No
CUST_415,Male,69,France,27,52.63,2705.14,Month-to-month,Bank Transfer,Yes,12,75.24,No
CUST_416,Male,32,Canada,5,103.97,2735.14,One year,Credit Card,Yes,24,75.33,No
CUST_417,Male,64,Australia,25,34.38,1462.69,Month-to-month,Other,Yes,1,71.63,No
CUST_418,Female,46,USA,3,63.01,1163.09,One year,Credit Card,No,1,66.94,Yes
CUST_419,Female,50,Australia,33,110.38,1511.23,Month-to-month,Other,Yes,15,47.7,Yes
CUST_420,Female,69,Australia,4,104.58,2826.01,Two year,Credit Card,Yes,8,64.23,No
CUST_421,Female,47,Canada,25,60.09,242.86,One year,Bank Transfer,Yes,27,3.84,No
CUST_422,Female,56,USA,20,96.31,4545.52,One year,PayPal,Yes,12,62.15,No
CUST_423,Female,44,Canada,34,102.32,865.79,One year,Bank Transfer,Yes,34,77.79,Yes
CUST_424,Male,53,Germany,26,108.89,1178.43,One year,Credit Card,Yes,40,50.04,No
CUST_425,Female,46,Canada,5,74.45,2639.55,Two year,Credit Card,Yes,12,35.75,No
CUST_426,Male,55,Canada,35,40.45,3579.56,Month-to-month,PayPal,Yes,30,27.74,No
CUST_427,Male,50,Canada,28,45.53,569.07,One year,Other,Yes,20,64.28,No
CUST_428,Female,54,USA,29,49.57,1656.7,Two year,Credit Card,Yes,31,69.28,Yes
CUST_429,Male,44,Canada,9,79.38,4846.51,One year,Credit Card,No,33,87.1,No
CUST_430,Female,50,USA,52,23.28,1385.48,Month-to-month,Credit Card,Yes,7,34.23,No
CUST_431,Male,21,France,38,83.6,1633.95,One year,PayPal,No,40,76.98,No
CUST_432,Female,39,Germany,50,56.44,4198.84,Two year,Bank Transfer,Yes,47,56.14,Yes
CUST_433,Male,19,USA,6,49.52,346.05,Month-to-month,Credit Card,Yes,1,88.28,No
CUST_434,Female,27,France,19,107.95,2376.6,Two year,PayPal,Yes,37,52.78,Yes
CUST_435,Female,22,USA,44,66,1960.12,Month-to-month,Credit Card,Yes,31,51.76,Yes
CUST_436,Female,27,USA,57,29.51,,Month-to-month,Other,Yes,39,57.79,No
CUST_437,Female,50,Germany,11,102.67,1499.93,Month-to-month,PayPal,Yes,27,74.93,Yes
CUST_438,Female,55,Australia,2,24.76,547.73,One year,Credit Card,Yes,36,96.47,No
CUST_439,Male,30,Australia,47,92.67,1642.65,Two year,PayPal,Yes,40,7.36,No
CUST_440,Male,48,USA,44,97.39,310.96,Two year,Credit Card,Yes,0,5.34,Yes
CUST_441,Male,64,Canada,44,55.26,3926.72,Two year,Bank Transfer,No,40,93.76,Yes
CUST_442,Female,53,France,9,102.48,2051.32,Month-to-month,Credit Card,Yes,9,52.99,No
CUST_443,Male,62,Canada,21,71.57,2275.13,One year,PayPal,No,3,61.49,Yes
CUST_444,Female,41,Canada,24,66.33,4478.61,Month-to-month,Other,Yes,34,48.24,No
CUST_445,Female,69,USA,34,24.54,3324.47,Two year,Other,Yes,9,9.37,No
CUST_446,Male,32,USA,22,49,139.49,One year,Other,Yes,46,76.81,No
CUST_447,Male,46,USA,3,113.1,4721.56,One year,Credit Card,Yes,10,74.72,No
CUST_448,Female,25,USA,12,59.18,1262.01,One year,Bank Transfer,Yes,13,31.17,Yes
CUST_449,Male,22,Australia,28,74.67,627.31,Two year,Credit Card,Yes,37,30.62,Yes
CUST_450,Female,46,USA,30,73.2,3863.83,One year,Other,Yes,11,83.78,Yes
CUST_451,Female,64,Australia,26,79.04,2552.34,One year,PayPal,Yes,44,7.24,No
CUST_452,Female,21,Australia,48,26.13,2225.48,Month-to-month,Other,Yes,16,88.11,No
CUST_453,Female,29,USA,21,56.22,1322.57,Month-to-month,PayPal,Yes,15,25.67,No
CUST_454,Female,62,Germany,28,92.31,2782.61,One year,Bank Transfer,Yes,34,59.3,Yes
CUST_455,Male,19,France,56,40.06,1444.48,One year,PayPal,Yes,1,93.6,No
CUST_456,Male,44,Canada,26,40.36,4517.76,Month-to-month,Credit Card,Yes,10,67.81,No
CUST_457,Female,48,Australia,33,21.01,1154.5,Month-to-month,Credit Card,Yes,40,41.44,No
CUST_458,Female,68,France,21,63.75,4433.34,Month-to-month,Credit Card,Yes,2,68.95,No
CUST_459,Male,68,Germany,35,108.27,2841.09,Two year,PayPal,Yes,28,34.4,No
CUST_460,Male,53,Canada,52,25.19,4159.59,Two year,Credit Card,Yes,17,27.73,No
CUST_461,Female,53,Canada,34,39.11,3592.95,Month-to-month,Credit Card,Yes,19,99.67,No
CUST_462,Male,43,Australia,41,51.01,3513.81,One year,Credit Card,No,46,75.08,No
CUST_463,Female,60,USA,51,93.17,1689.29,Month-to-month,Bank Transfer,Yes,13,64.47,No
CUST_464,Male,44,Germany,47,84.06,1246.09,Two year,PayPal,Yes,33,35.53,Yes
CUST_465,Female,22,Australia,18,61.59,1133.34,One year,PayPal,Yes,48,4.92,No
CUST_466,Male,37,Germany,58,95.91,4300.24,Two year,Other,Yes,30,3.11,No
CUST_467,Female,28,USA,11,80.96,4120.09,One year,PayPal,Yes,39,55.42,No
CUST_468,Male,27,USA,57,109.6,2258.81,Two year,Bank Transfer,Yes,41,76.2,No
CUST_469,Male,57,Australia,23,101.8,748.78,One year,PayPal,Yes,17,53.74,Yes
CUST_470,Female,55,USA,48,45.28,1973.04,One year,Bank Transfer,Yes,29,84.08,No
CUST_471,Male,23,France,22,47.14,3134.78,One year,Bank Transfer,Yes,24,3.34,No
CUST_472,Female,25,Canada,17,32.54,2326.58,One year,PayPal,Yes,18,36.68,No
CUST_473,Male,40,Australia,5,53.7,,Two year,Other,No,7,23.71,No
CUST_474,Female,64,Germany,44,119.95,4988.35,Two year,Credit Card,Yes,27,44.73,No
CUST_475,Male,43,France,11,60.58,1036.55,One year,Credit Card,Yes,7,7.24,No
CUST_476,Female,63,Australia,30,42.05,2352.29,One year,PayPal,Yes,30,95.41,No
CUST_477,Male,60,USA,15,96.25,2211.82,Two year,PayPal,Yes,2,22.33,No
CUST_478,Female,29,USA,27,74.25,1592.01,One year,Bank Transfer,Yes,2,92.23,No
CUST_479,Male,43,USA,35,34.96,1070.67,One year,PayPal,Yes,43,42.59,No
CUST_480,Female,30,USA,33,58.07,421.89,One year,Bank Transfer,Yes,21,98.55,No
CUST_481,Female,57,Germany,20,61.45,4446.88,Month-to-month,Other,Yes,16,55.41,No
CUST_482,Female,35,France,16,95.38,2157.26,One year,PayPal,Yes,35,93.08,No
CUST_483,Male,42,Canada,34,22.07,2534.79,Month-to-month,Credit Card,Yes,16,0.53,Yes
CUST_484,Female,50,Germany,2,46.9,4593.02,One year,Credit Card,Yes,13,74.82,No
CUST_485,Male,64,Germany,35,71.76,3903.82,Two year,PayPal,Yes,8,90.31,No
CUST_486,Female,57,Canada,40,46.88,739.46,Month-to-month,Bank Transfer,Yes,29,13.97,No
CUST_487,Male,60,Canada,56,82.84,2870.56,Month-to-month,Credit Card,Yes,20,9.61,No
CUST_488,Female,29,USA,28,68.19,2267.04,One year,Bank Transfer,Yes,11,42.46,Yes
CUST_489,Male,61,Germany,47,56.17,4006.33,One year,PayPal,No,36,93.37,No
CUST_490,Male,53,Australia,39,114.92,3648.74,Month-to-month,PayPal,Yes,31,54.24,No
CUST_491,Female,65,Canada,6,83.22,3482.99,Two year,Credit Card,No,10,52.75,Yes
CUST_492,Male,21,Canada,9,32.99,,Two year,PayPal,Yes,19,14.11,No
CUST_493,Male,22,France,20,76.01,4044.32,One year,Other,Yes,34,0.08,No
CUST_494,Female,54,Australia,1,98.07,356.72,Two year,Other,Yes,46,81.01,No
CUST_495,Male,25,Australia,8,90.85,882.16,Two year,Credit Card,No,45,8.76,No
CUST_496,Male,59,Canada,55,37.21,1744.55,One year,Other,Yes,10,63.38,No
CUST_497,Male,66,USA,23,117.24,476.36,Two year,Bank Transfer,Yes,7,91.46,No
CUST_498,Female,45,France,3,64.88,1251.47,One year,Credit Card,Yes,3,20.87,Yes
CUST_499,Male,48,Australia,4,35.9,4167.74,Month-to-month,Credit Card,Yes,26,66.53,Yes
CUST_500,Female,26,Canada,58,38.02,4746.43,One year,Bank Transfer,Yes,43,7.87,No
CUST_501,Male,68,Australia,25,29.82,,Month-to-month,Other,No,39,60.38,No
CUST_502,Male,46,France,47,100.35,1396.13,Month-to-month,Other,No,37,16.39,No
CUST_503,Male,31,France,38,32.2,1471.47,Two year,Other,Yes,46,73.6,No
CUST_504,Female,57,Germany,15,32.51,1460.82,Two year,Credit Card,No,29,30.12,Yes
CUST_505,Male,58,Canada,21,105.05,,Two year,Credit Card,Yes,43,46.34,No
CUST_506,Male,39,France,35,54.46,4641.89,One year,Other,Yes,47,59.94,No
CUST_507,Female,28,Germany,57,23.09,1147.12,Two year,PayPal,Yes,47,17.13,Yes
CUST_508,Male,40,Germany,53,25.19,2158.02,Month-to-month,Other,Yes,26,74.16,Yes
CUST_509,Female,18,Australia,53,34.22,147.47,Two year,Bank Transfer,No,20,30.26,Yes
CUST_510,Female,63,Australia,46,41.34,4303.98,Two year,Credit Card,Yes,19,66.24,Yes
CUST_511,Male,54,Germany,52,86.51,3682.67,One year,Bank Transfer,Yes,3,15.83,No
CUST_512,Female,38,Australia,14,35.73,4739.1,One year,Bank Transfer,Yes,10,68.81,Yes
CUST_513,Male,43,France,36,31.89,3929.92,Month-to-month,Credit Card,Yes,12,12.82,No
CUST_514,Female,63,USA,12,96.47,1637.16,One year,PayPal,Yes,8,42.54,Yes
CUST_515,Female,53,France,17,87.11,1314.58,Two year,Other,No,3,24.72,No
CUST_516,Male,40,Germany,39,63.53,3518.81,One year,Bank Transfer,Yes,11,74.84,No
CUST_517,Female,18,Germany,9,74.93,1884.15,Month-to-month,Credit Card,Yes,8,26.2,Yes
CUST_518,Female,68,France,35,51.2,2874.45,Two year,Bank Transfer,Yes,12,88.17,No
CUST_519,Female,57,Australia,13,68.25,130.66,Month-to-month,Other,Yes,47,89.18,Yes
CUST_520,Female,32,Australia,15,70.67,403.24,One year,PayPal,Yes,25,19.64,No
CUST_521,Female,38,Germany,18,58.72,2723.3,One year,PayPal,Yes,37,61.38,Yes
CUST_522,Male,64,Canada,51,110.66,2873.75,Month-to-month,PayPal,Yes,41,8.77,No
CUST_523,Female,26,Australia,33,21.61,3782.12,Two year,Credit Card,Yes,12,39.15,No
CUST_524,Male,26,France,6,98.22,746.63,One year,Credit Card,Yes,38,71.33,No
CUST_525,Female,27,Australia,59,32.44,2614.6,One year,PayPal,Yes,27,65.94,Yes
CUST_526,Male,69,France,27,99.75,1052.79,Two year,Other,Yes,18,62.47,No
CUST_527,Male,43,Germany,23,81.59,556.66,One year,Other,Yes,23,28.25,No
CUST_528,Female,58,Australia,59,104.33,,Month-to-month,Credit Card,Yes,18,37.8,Yes
CUST_529,Female,52,France,27,29.75,900.35,One year,PayPal,No,48,10.29,No
CUST_530,Female,69,Germany,34,75.9,1186.73,One year,Other,Yes,12,71.9,Yes
CUST_531,Male,42,Canada,56,70.11,1656.02,Two year,Other,Yes,12,50.39,No
CUST_532,Female,43,France,46,90.62,1371,Month-to-month,Other,Yes,27,70.88,No
CUST_533,Male,28,Canada,38,73.43,,Two year,Credit Card,Yes,1,24.89,No
CUST_534,Male,55,Canada,14,74.07,540.59,One year,PayPal,Yes,9,32.44,No
CUST_535,Male,19,USA,36,62.96,1046.92,One year,Bank Transfer,No,21,33.42,No
CUST_536,Female,24,Australia,53,50.88,347.74,Two year,PayPal,Yes,12,2.57,Yes
CUST_537,Female,35,France,8,68.23,3169.64,Two year,PayPal,Yes,8,34.1,No
CUST_538,Male,44,Canada,35,31.85,1507.9,Two year,Credit Card,Yes,32,80.33,Yes
CUST_539,Male,51,USA,19,116.15,1470.76,Month-to-month,Other,Yes,13,89.73,No
CUST_540,Female,44,Germany,30,91.44,1726.79,One year,Other,Yes,47,51.82,No
CUST_541,Male,34,France,14,115.25,3347.7,Two year,Credit Card,No,19,45.55,Yes
CUST_542,Female,60,Canada,59,42.67,4366.11,One year,Credit Card,Yes,14,3.08,No
CUST_543,Male,61,Australia,20,107.93,3819.53,Month-to-month,Credit Card,Yes,31,87.92,No
CUST_544,Female,68,USA,49,100.88,3664.89,Month-to-month,Credit Card,Yes,32,1.3,No
CUST_545,Male,41,Canada,25,87.72,2473.52,Month-to-month,Credit Card,Yes,16,94.48,No
CUST_546,Female,42,Australia,40,82.5,3499.65,Month-to-month,Bank Transfer,Yes,23,48.92,No
CUST_547,Male,24,Canada,24,51.65,2808.54,One year,PayPal,Yes,29,34.19,No
CUST_548,Female,69,France,14,101.64,1159.63,Month-to-month,PayPal,Yes,12,92.42,No
CUST_549,Female,23,France,26,70.15,1122.08,Month-to-month,PayPal,Yes,46,2.44,Yes
CUST_550,Male,41,France,38,27.09,1552.32,Two year,Other,Yes,47,58.14,No
CUST_551,Male,50,USA,23,51.29,4562.93,Month-to-month,Bank Transfer,Yes,15,54.89,No
CUST_552,Female,66,France,22,113.53,2782.33,Two year,PayPal,Yes,1,21.93,Yes
CUST_553,Male,46,Australia,48,105.07,3696.14,Month-to-month,Other,Yes,16,42.89,Yes
CUST_554,Female,60,Canada,57,118.19,1798.14,Month-to-month,Bank Transfer,Yes,31,65.23,No
CUST_555,Male,39,Germany,19,82.8,2097.81,Two year,Bank Transfer,Yes,42,72.71,No
CUST_556,Female,43,Australia,46,44.75,715.27,Month-to-month,Other,Yes,7,0.07,No
CUST_557,Female,45,Australia,51,36.28,939.35,One year,Bank Transfer,Yes,2,93.69,Yes
CUST_558,Female,67,France,3,38.69,4154.05,One year,Other,Yes,11,16.45,No
CUST_559,Female,38,USA,42,21.98,2965.71,Month-to-month,PayPal,No,19,23.36,Yes
CUST_560,Female,66,Canada,19,59.07,1753.91,One year,Other,Yes,15,26.35,No
CUST_561,Female,24,USA,9,39.14,4033.97,Two year,Bank Transfer,Yes,13,3.78,No
CUST_562,Male,34,Canada,28,61.17,1307.95,Month-to-month,PayPal,Yes,15,12.31,No
CUST_563,Male,37,Canada,20,113.5,4882.56,Month-to-month,PayPal,Yes,48,98.63,No
CUST_564,Male,58,USA,45,63.05,1789.61,Two year,Credit Card,Yes,42,31.52,No
CUST_565,Female,66,Australia,7,107.8,1752.82,Two year,Credit Card,Yes,48,11.53,No
CUST_566,Female,37,Canada,14,80.55,1628.37,Two year,Bank Transfer,Yes,32,10.7,No
CUST_567,Female,39,USA,9,44.71,698.35,Month-to-month,Other,Yes,29,71.95,No
CUST_568,Female,45,Canada,59,55.59,644.57,Two year,Other,Yes,11,85.46,No
CUST_569,Male,57,Germany,55,28.39,3275.71,Two year,Bank Transfer,Yes,14,25.7,Yes
CUST_570,Male,66,Australia,57,53.35,4388.08,One year,PayPal,Yes,17,2.09,Yes
CUST_571,Female,24,France,19,87.75,3973.55,One year,Bank Transfer,Yes,27,22.31,Yes
CUST_572,Male,18,Canada,47,27.21,791.43,Month-to-month,Bank Transfer,Yes,22,5.65,No
CUST_573,Male,49,Germany,52,40.54,2773.35,One year,PayPal,Yes,13,10.34,No
CUST_574,Female,30,France,14,58.14,617.4,One year,Other,Yes,29,43.15,No
CUST_575,Male,47,France,56,118.2,321.94,Two year,Bank Transfer,No,32,22.99,No
CUST_576,Female,40,Canada,38,98.49,3316.29,Two year,Other,Yes,44,51.59,No
CUST_577,Male,68,USA,53,93.35,2722.25,One year,Bank Transfer,Yes,14,25.35,No
CUST_578,Female,36,Canada,36,31.62,,One year,PayPal,Yes,6,94.05,No
CUST_579,Female,49,Germany,40,98.1,271.2,One year,PayPal,Yes,14,90.59,No
CUST_580,Female,47,France,17,98.53,4949.81,Month-to-month,Credit Card,Yes,41,56.68,No
CUST_581,Female,46,Canada,30,80.11,247.1,Month-to-month,PayPal,Yes,45,35.44,Yes
CUST_582,Male,66,USA,9,119.04,2278.19,Month-to-month,Credit Card,Yes,37,38.11,No
CUST_583,Female,62,Canada,33,52.53,2572.63,One year,Bank Transfer,Yes,45,41.19,Yes
CUST_584,Female,46,Australia,56,114.13,674.67,One year,Other,Yes,43,72.76,Yes
CUST_585,Female,47,USA,52,111.47,928.4,Month-to-month,PayPal,No,10,45.16,No
CUST_586,Male,33,Germany,25,21.15,1823.84,Month-to-month,PayPal,Yes,28,85.67,No
CUST_587,Female,57,France,14,65.01,3832.21,One year,PayPal,Yes,30,94.41,No
CUST_588,Male,36,Canada,11,117.71,2584.7,Two year,Bank Transfer,Yes,24,33.59,No
CUST_589,Female,35,USA,53,30.31,3225.72,Month-to-month,Credit Card,Yes,23,56.07,No
CUST_590,Male,18,Australia,35,74.78,,One year,Bank Transfer,Yes,18,9.51,No
CUST_591,Male,31,USA,41,117.9,3863.23,One year,Other,Yes,1,20.05,No
CUST_592,Female,68,Australia,59,75.55,2228.37,Two year,Bank Transfer,Yes,21,41.35,No
CUST_593,Male,64,Germany,14,38.98,2287.57,One year,Other,Yes,19,20.62,No
CUST_594,Female,67,France,30,78.22,3131.98,One year,PayPal,No,32,87.66,No
CUST_595,Female,19,Germany,41,40.44,3360.29,Month-to-month,Other,Yes,7,15.83,No
CUST_596,Female,45,Canada,4,71.97,2553.48,Month-to-month,Other,Yes,24,45.57,Yes
CUST_597,Male,66,USA,59,27.4,3259.82,Two year,Credit Card,No,45,60.57,No
CUST_598,Male,67,Australia,4,80.55,215.31,Two year,Other,Yes,8,69.19,No
CUST_599,Female,47,Australia,28,71.68,2205.15,One year,Other,Yes,33,38.31,No
CUST_600,Female,55,USA,8,94.02,1466.8,Month-to-month,Bank Transfer,Yes,22,86.91,Yes
CUST_601,Male,68,USA,2,83.07,732.95,Two year,PayPal,Yes,4,56.83,No
CUST_602,Female,21,Canada,41,74.96,587.78,Two year,Bank Transfer,Yes,24,43.95,No
CUST_603,Female,18,Germany,46,88.98,3055.64,Two year,Bank Transfer,Yes,7,6.72,Yes
CUST_604,Female,25,Australia,22,34.39,2665.64,One year,PayPal,Yes,15,46.47,No
CUST_605,Male,46,Canada,41,79.54,1342.56,Month-to-month,PayPal,Yes,47,82.07,Yes
CUST_606,Male,56,Germany,56,37.21,2407.66,Two year,Other,Yes,44,61.45,No
CUST_607,Male,20,Canada,55,112.55,2511.94,Month-to-month,Other,Yes,14,83.22,No
CUST_608,Female,49,Australia,16,26.83,1055.54,Two year,Credit Card,Yes,0,49.4,No
CUST_609,Female,27,USA,29,63.04,3295.26,Two year,Bank Transfer,Yes,21,11.85,No
CUST_610,Female,27,USA,49,89.58,3926.5,Month-to-month,PayPal,Yes,2,1.36,Yes
CUST_611,Male,36,Germany,48,65.8,3978.17,Month-to-month,Other,Yes,37,30.32,No
CUST_612,Female,63,France,30,29.21,3052.1,Month-to-month,PayPal,Yes,13,69.8,No
CUST_613,Female,51,Germany,12,75.34,2607.03,One year,Other,Yes,35,79.03,Yes
CUST_614,Female,50,France,35,84.16,398.94,Two year,Credit Card,Yes,17,29.58,No
CUST_615,Female,40,Canada,11,90.38,1510.37,One year,Credit Card,Yes,46,49.57,No
CUST_616,Male,45,Canada,46,57.33,557.03,Month-to-month,PayPal,Yes,40,42.11,Yes
CUST_617,Male,49,Australia,50,76.37,4822.73,Two year,Credit Card,Yes,17,41.05,Yes
CUST_618,Female,67,France,21,65.07,761.89,One year,PayPal,Yes,2,23.13,Yes
CUST_619,Male,24,Australia,21,87.21,843.7,Two year,Other,No,9,13.64,No
CUST_620,Male,46,USA,5,78.36,4458.93,One year,Bank Transfer,Yes,48,19.67,No
CUST_621,Female,25,France,48,72.58,4725.25,Month-to-month,Credit Card,Yes,38,5.53,No
CUST_622,Female,18,Germany,20,44.95,3852.56,One year,Other,Yes,46,19.81,No
CUST_623,Male,20,USA,37,20.2,126.48,Two year,Bank Transfer,No,0,0.92,No
CUST_624,Female,41,USA,3,37.41,106.6,Two year,Bank Transfer,Yes,26,62.73,No
CUST_625,Male,40,Germany,44,31.71,1952.69,Two year,Bank Transfer,Yes,26,31.64,Yes
CUST_626,Female,25,USA,33,64.91,802.64,Two year,Other,Yes,10,97.31,No
CUST_627,Male,64,France,53,81.23,190.09,Month-to-month,Other,Yes,48,19.37,No
CUST_628,Female,54,Australia,9,41.31,2373.93,One year,PayPal,Yes,4,34.58,No
CUST_629,Male,20,USA,9,113.91,4721,Month-to-month,Bank Transfer,Yes,6,35.78,No
CUST_630,Male,68,France,4,20.67,1686.72,Month-to-month,Bank Transfer,No,18,0.85,No
CUST_631,Male,50,Canada,35,97.23,3339.59,Month-to-month,Bank Transfer,No,28,83.92,No
CUST_632,Female,45,France,17,82.52,3295.95,Two year,PayPal,No,14,3.2,Yes
CUST_633,Male,64,Australia,34,57.36,1330.29,Two year,Bank Transfer,Yes,34,94.02,No
CUST_634,Male,25,France,24,25.05,3287.08,Two year,Other,Yes,46,89.21,Yes
CUST_635,Female,51,Germany,32,82.75,1140.44,One year,Bank Transfer,Yes,36,53.55,No
CUST_636,Female,52,Australia,1,58.56,697.84,Two year,Credit Card,Yes,11,54.36,Yes
CUST_637,Male,49,Canada,8,113.63,3536.78,One year,Other,Yes,29,65.38,Yes
CUST_638,Male,41,Germany,45,74.2,655.86,Two year,PayPal,Yes,19,38.71,No
CUST_639,Female,31,France,23,113.97,4984.86,Two year,Bank Transfer,Yes,36,64.72,No
CUST_640,Female,49,Australia,47,42.05,998.92,Month-to-month,Credit Card,Yes,2,4.48,Yes
CUST_641,Female,63,Canada,40,92.57,3011.3,Month-to-month,PayPal,Yes,8,5.4,No
CUST_642,Female,60,Germany,12,81.72,2115.74,Month-to-month,PayPal,Yes,40,45.72,No
CUST_643,Female,33,Canada,54,93.94,719.29,One year,Other,Yes,38,54.96,Yes
CUST_644,Male,21,France,12,41.47,236.44,One year,PayPal,Yes,25,88.78,No
CUST_645,Female,69,Canada,46,86.5,3151.39,Two year,PayPal,Yes,1,10.47,No
CUST_646,Male,54,USA,47,69.8,4053.11,One year,PayPal,Yes,22,82.26,No
CUST_647,Male,38,Germany,15,94.28,4225.88,Two year,PayPal,Yes,22,21,No
CUST_648,Male,31,Canada,41,52.7,2465.3,One year,Bank Transfer,Yes,20,39.41,No
CUST_649,Female,48,France,19,109.01,3909.53,One year,Bank Transfer,Yes,15,31.66,No
CUST_650,Male,65,France,26,28.43,3396.95,One year,Bank Transfer,Yes,8,40.02,Yes
CUST_651,Male,35,Canada,52,100.72,3648.85,Month-to-month,Bank Transfer,Yes,12,15.05,No
CUST_652,Female,24,France,29,106.13,2513.74,One year,Credit Card,Yes,27,50.36,No
CUST_653,Male,27,Australia,22,101.73,3203.72,Month-to-month,Bank Transfer,No,26,80.16,No
CUST_654,Male,24,Australia,40,71.27,4047.08,Month-to-month,PayPal,Yes,16,44.15,No
CUST_655,Female,50,Australia,21,63.84,2049.63,One year,Bank Transfer,No,37,49.06,Yes
CUST_656,Male,40,USA,51,119.63,4049.3,Two year,Bank Transfer,Yes,35,84.88,Yes
CUST_657,Male,38,Canada,38,42.92,3000.88,Two year,Other,Yes,0,70.61,No
CUST_658,Male,36,USA,20,74.69,912.92,Two year,PayPal,No,17,49.05,No
CUST_659,Female,65,France,57,87.07,220.95,One year,Bank Transfer,Yes,8,25.77,Yes
CUST_660,Female,36,USA,29,90.09,1877.49,Two year,Bank Transfer,Yes,12,88.49,No
CUST_661,Female,53,France,51,40.4,2778.81,Month-to-month,Bank Transfer,Yes,39,57.7,No
CUST_662,Male,46,France,4,85.4,4215.12,Two year,Credit Card,Yes,44,22.11,No
CUST_663,Male,35,Germany,55,101.84,724.68,One year,Bank Transfer,No,14,26.91,No
CUST_664,Female,19,Australia,7,25,4021.01,Two year,Other,Yes,42,80.31,No
CUST_665,Male,18,France,28,111.15,4328.74,Month-to-month,PayPal,Yes,43,4.41,No
CUST_666,Male,64,Germany,28,22.95,838.37,One year,PayPal,Yes,45,99.21,No
CUST_667,Female,22,Australia,4,55.6,4272.81,Two year,Bank Transfer,Yes,3,13.04,No
CUST_668,Female,37,France,22,21.58,4958.12,One year,Bank Transfer,Yes,32,79.61,No
CUST_669,Male,28,France,12,27.71,3661.51,One year,Bank Transfer,Yes,23,39.48,No
CUST_670,Male,59,USA,45,111.12,3945.37,One year,PayPal,Yes,35,49.22,No
CUST_671,Male,19,USA,3,55.49,4972.63,Two year,PayPal,Yes,40,88.07,No
CUST_672,Female,20,Australia,22,62.48,3066.86,One year,Credit Card,Yes,9,41.29,No
CUST_673,Female,40,France,44,41.53,1608.64,Two year,Other,Yes,35,53.75,No
CUST_674,Female,29,Canada,2,79.71,4203.9,Month-to-month,Credit Card,Yes,19,4.93,Yes
CUST_675,Female,37,USA,24,79.48,,Two year,Other,Yes,40,0.23,Yes
CUST_676,Male,22,Australia,34,57.22,2947.86,Month-to-month,Credit Card,Yes,44,24.48,No
CUST_677,Female,54,France,27,53.3,1342.81,Two year,PayPal,Yes,43,68.06,No
CUST_678,Female,55,France,55,108.5,3806.04,One year,Credit Card,No,10,12.13,No
CUST_679,Female,47,Canada,41,58.33,500.17,Two year,Other,Yes,11,11.38,No
CUST_680,Female,26,Australia,1,69.35,,One year,Bank Transfer,No,17,41.1,No
CUST_681,Female,51,France,8,48.33,1696.53,Month-to-month,Other,Yes,29,64.78,No
CUST_682,Male,61,USA,23,98.68,726.1,Two year,Bank Transfer,Yes,43,71.21,Yes
CUST_683,Male,52,Canada,38,59.74,2267.6,One year,PayPal,Yes,47,17.85,No
CUST_684,Female,69,Australia,6,71.36,308.1,Month-to-month,Other,No,36,7.96,No
CUST_685,Male,39,Canada,22,45.34,3454.67,Month-to-month,Credit Card,Yes,19,94.04,Yes
CUST_686,Female,61,USA,25,118.77,4523.26,Two year,Other,No,24,26.07,No
CUST_687,Female,41,Australia,18,49.15,4202.59,Month-to-month,Bank Transfer,No,11,85.33,No
CUST_688,Male,34,Canada,17,97.07,724.11,One year,PayPal,Yes,20,86.35,Yes
CUST_689,Male,27,Germany,12,62.75,718.73,Month-to-month,Credit Card,Yes,24,77.25,Yes
CUST_690,Female,47,USA,6,40.62,4085.83,Month-to-month,Other,Yes,10,16.88,No
CUST_691,Female,63,USA,26,99.97,4628.85,One year,Bank Transfer,Yes,8,82.18,No
CUST_692,Female,40,USA,27,53.36,2357.28,Month-to-month,Credit Card,Yes,49,76.93,Yes
CUST_693,Male,49,Germany,8,106.52,2544.96,Month-to-month,PayPal,Yes,24,59.67,Yes
CUST_694,Female,34,Germany,19,111.53,1659.48,Month-to-month,Credit Card,Yes,34,33.72,No
CUST_695,Female,67,France,42,105.98,4481.9,Month-to-month,PayPal,Yes,31,26.25,No
CUST_696,Female,68,Canada,1,23.5,3260.02,One year,Credit Card,Yes,48,12.19,No
CUST_697,Male,34,France,57,98.74,1512.43,Month-to-month,Other,Yes,13,50.98,Yes
CUST_698,Female,31,Canada,29,61.13,1564.04,One year,Bank Transfer,Yes,0,58.53,No
CUST_699,Female,26,Germany,45,107.37,4466.88,Month-to-month,Other,Yes,16,35.93,No
CUST_700,Male,57,Germany,49,83.8,166.81,Month-to-month,Other,Yes,24,47.54,No
CUST_701,Female,19,France,35,103.36,1681.36,Month-to-month,PayPal,Yes,7,36.35,No
CUST_702,Female,62,Australia,40,69.94,2816.35,Month-to-month,PayPal,Yes,4,64.1,No
CUST_703,Male,42,France,14,73.5,826.27,One year,PayPal,Yes,4,90.13,No
CUST_704,Female,56,Canada,35,34.44,,One year,Other,Yes,40,16.39,No
CUST_705,Male,26,France,48,98.4,,One year,Credit Card,Yes,34,38.14,No
CUST_706,Male,39,USA,45,61.94,4482.58,Two year,Credit Card,Yes,18,14.09,No
CUST_707,Female,60,Canada,20,70.01,4135.67,Month-to-month,Other,No,22,62.49,No
CUST_708,Female,63,Canada,56,98.51,,Month-to-month,Other,Yes,8,72.89,No
CUST_709,Female,21,Australia,49,79.88,2810.25,One year,Bank Transfer,Yes,29,93.19,Yes
CUST_710,Female,43,Germany,13,40.11,4080.06,Two year,PayPal,Yes,49,27.89,No
CUST_711,Male,46,Canada,38,79.02,1981.81,Month-to-month,PayPal,Yes,15,95.02,No
CUST_712,Female,62,Germany,49,60.76,3364.71,One year,Other,Yes,32,6.33,No
CUST_713,Male,51,France,46,66.95,4945.29,Month-to-month,Other,Yes,1,60.3,Yes
CUST_714,Female,40,USA,49,22.83,1206.07,Month-to-month,Credit Card,Yes,13,5.71,No
CUST_715,Female,54,Australia,8,41,2010.51,One year,Other,Yes,45,89.38,No
CUST_716,Female,28,Germany,43,48.1,,One year,Credit Card,Yes,0,52.98,No
CUST_717,Male,23,Canada,20,91.3,776.28,Month-to-month,Other,Yes,25,66.93,No
CUST_718,Female,35,Germany,33,21.15,497.09,Month-to-month,Bank Transfer,No,24,83.16,No
CUST_719,Female,38,Canada,26,60.88,4165.64,One year,Bank Transfer,Yes,15,15.03,No
CUST_720,Female,59,Germany,39,112.4,4886.29,Month-to-month,Credit Card,Yes,14,3.86,No
CUST_721,Female,53,Canada,21,31.19,,Month-to-month,PayPal,Yes,25,87.89,No
CUST_722,Male,58,France,53,71.64,,One year,Bank Transfer,Yes,46,31.49,No
CUST_723,Female,55,Canada,49,98.65,422.48,Month-to-month,Credit Card,Yes,43,12.9,No
CUST_724,Male,51,Canada,42,114.25,4467.46,Month-to-month,Other,Yes,15,46.85,Yes
CUST_725,Male,34,USA,43,94.68,2372.69,Two year,Other,Yes,13,59.83,No
CUST_726,Male,54,Canada,54,92.06,1668.13,One year,Credit Card,Yes,28,3.1,No
CUST_727,Male,42,USA,41,102.65,2434.66,Two year,PayPal,Yes,23,27.49,No
CUST_728,Male,55,Australia,9,64.62,1659.69,Two year,Credit Card,Yes,46,3.28,No
CUST_729,Male,29,USA,24,100.58,2496.28,Two year,Credit Card,Yes,14,42.03,No
CUST_730,Female,40,France,37,20.8,4311.83,Month-to-month,Bank Transfer,Yes,18,89.51,Yes
CUST_731,Male,59,USA,49,112.46,3002.28,Month-to-month,Credit Card,Yes,7,98.27,Yes
CUST_732,Male,39,Australia,41,64.33,3503.8,Two year,Credit Card,Yes,33,63.7,No
CUST_733,Male,38,France,17,75.34,1886.89,Two year,Other,Yes,1,16.16,No
CUST_734,Female,44,Germany,24,45.49,3718.68,Two year,Bank Transfer,Yes,26,90.58,Yes
CUST_735,Female,48,Germany,21,94.25,3366.42,Month-to-month,Other,Yes,9,51.62,No
CUST_736,Male,23,USA,51,27.66,,Two year,Other,Yes,34,15.37,No
CUST_737,Female,44,USA,59,107.26,2905.95,Two year,PayPal,Yes,22,92.17,No
CUST_738,Male,57,Australia,39,102.81,1358.04,One year,PayPal,Yes,48,75.75,No
CUST_739,Male,51,Australia,55,41.61,4040.07,One year,Bank Transfer,No,7,73.17,No
CUST_740,Female,29,Canada,41,100.93,2187.09,Month-to-month,Bank Transfer,Yes,27,70.92,No
CUST_741,Male,62,Australia,39,98.64,4973.95,One year,PayPal,Yes,22,20.03,No
CUST_742,Female,24,Canada,13,83.22,553.25,One year,PayPal,Yes,3,21.1,No
CUST_743,Female,27,France,11,57.35,3923.7,One year,PayPal,Yes,13,68.83,No
CUST_744,Male,62,USA,46,47.15,3401.14,Month-to-month,PayPal,Yes,41,21.97,No
CUST_745,Male,34,France,19,43.18,3860.74,One year,PayPal,Yes,28,43.87,Yes
CUST_746,Female,43,Australia,11,51.86,1606.9,Month-to-month,Other,No,0,78.2,No
CUST_747,Male,38,France,13,110.36,2511.07,Two year,Bank Transfer,No,3,78.4,No
CUST_748,Male,45,France,46,27.76,4002.89,One year,Other,Yes,31,45.33,No
CUST_749,Male,63,France,45,102.89,1239.45,Month-to-month,Other,Yes,32,79.22,No
CUST_750,Female,19,Australia,1,54.89,1207.56,One year,Credit Card,No,48,83.86,No
CUST_751,Female,60,France,40,72.16,2800.15,Two year,Other,Yes,25,65.48,No
CUST_752,Male,18,Canada,44,99.45,2665.46,Month-to-month,PayPal,Yes,16,22.84,Yes
CUST_753,Female,68,Australia,19,108.44,1483.09,Month-to-month,PayPal,Yes,38,27.4,No
CUST_754,Female,53,France,12,54.48,1560.57,Month-to-month,Credit Card,Yes,22,31.48,No
CUST_755,Female,68,Australia,8,66.18,,Two year,Credit Card,Yes,31,11.68,No
CUST_756,Female,43,Germany,8,61.45,3880.41,Two year,Credit Card,Yes,14,27.32,No
CUST_757,Female,46,Canada,53,21.33,3294.31,Two year,Credit Card,Yes,12,20.95,Yes
CUST_758,Male,38,France,45,49.59,4178.84,Month-to-month,Credit Card,Yes,1,45.53,No
CUST_759,Male,28,Germany,12,65.92,4879.82,Two year,Other,Yes,18,90.84,Yes
CUST_760,Male,57,Germany,48,61.11,2423.41,One year,Credit Card,Yes,23,10.45,No
CUST_761,Female,28,Australia,33,92.19,426.8,Two year,Other,Yes,44,72.03,No
CUST_762,Female,53,Germany,45,58.48,335.65,Month-to-month,Bank Transfer,Yes,23,68.73,No
CUST_763,Male,66,Canada,26,68.94,1548.76,One year,Credit Card,Yes,10,9.58,No
CUST_764,Female,56,Canada,39,62.96,4669.47,Two year,Credit Card,No,21,92.26,No
CUST_765,Male,57,USA,28,94.06,,One year,Other,No,14,56.85,No
CUST_766,Male,52,Canada,58,106.3,1431.75,One year,Bank Transfer,Yes,9,36.37,No
CUST_767,Male,51,Germany,5,73.19,2055.92,Month-to-month,Other,Yes,40,75.65,No
CUST_768,Female,64,Canada,8,98.94,3033.12,One year,Other,Yes,26,25.74,No
CUST_769,Female,41,Australia,25,49.68,3299.45,One year,Credit Card,Yes,8,69.35,No
CUST_770,Male,39,USA,27,74.14,854.21,Month-to-month,PayPal,No,27,3.97,No
CUST_771,Male,22,Germany,46,54.52,4887.46,Month-to-month,PayPal,No,0,83.94,No
CUST_772,Male,50,USA,23,61.42,2769.38,Month-to-month,Other,Yes,16,44.82,No
CUST_773,Male,53,Germany,30,93.24,764.87,One year,Credit Card,Yes,30,63.67,Yes
CUST_774,Female,64,Australia,45,108.17,,One year,Bank Transfer,Yes,43,22.12,Yes
CUST_775,Female,37,USA,47,32.15,465.73,One year,PayPal,Yes,9,67.71,No
CUST_776,Male,36,France,23,83.46,4547.9,Month-to-month,Bank Transfer,Yes,36,77.22,Yes
CUST_777,Male,52,Germany,49,78.21,4983.17,Two year,PayPal,Yes,28,47.32,Yes
CUST_778,Female,69,France,47,31.84,3532.12,One year,Credit Card,Yes,17,61.77,No
CUST_779,Female,60,USA,20,41.19,3875.19,Two year,Other,Yes,46,45.63,Yes
CUST_780,Male,34,France,18,51.1,1752.78,Month-to-month,Bank Transfer,Yes,37,89.41,No
CUST_781,Male,62,France,18,36.69,4713.73,One year,Bank Transfer,Yes,38,49.79,No
CUST_782,Male,60,USA,2,44.37,2695.6,Two year,Other,Yes,48,84.18,No
CUST_783,Female,51,Australia,4,46.76,3688.7,One year,Bank Transfer,Yes,5,80.14,No
CUST_784,Female,26,France,30,53.57,4628.13,One year,PayPal,Yes,39,41.05,No
CUST_785,Female,43,France,33,94.94,4878.38,One year,Other,Yes,11,23.01,No
CUST_786,Male,19,Australia,36,77.19,4182.7,Two year,PayPal,No,13,40.61,No
CUST_787,Male,26,France,18,118.62,1584.79,Month-to-month,PayPal,Yes,43,82.62,No
CUST_788,Female,26,France,37,61.47,4836.08,One year,Credit Card,Yes,9,22.76,Yes
CUST_789,Female,57,France,19,95.39,3177.79,Month-to-month,PayPal,Yes,19,52.44,No
CUST_790,Male,34,Canada,47,107.15,4660.15,Month-to-month,Credit Card,Yes,14,80.61,No
CUST_791,Female,18,Australia,28,87.9,3412.91,Two year,Bank Transfer,No,30,35.35,No
CUST_792,Female,42,France,40,61.19,1605.47,Two year,Bank Transfer,Yes,6,64.22,No
CUST_793,Male,60,Australia,20,95.36,1913.12,Month-to-month,Credit Card,No,40,24.56,No
CUST_794,Female,57,Germany,49,40.37,2797.31,One year,PayPal,Yes,9,10.93,No
CUST_795,Male,59,Germany,33,52.76,3971.07,Two year,Other,No,9,79.44,No
CUST_796,Male,42,France,12,74.67,1658.11,One year,Other,Yes,47,9.9,No
CUST_797,Male,56,Australia,58,77.54,2940.68,One year,Credit Card,No,38,27.14,Yes
CUST_798,Male,52,Australia,51,22.21,,One year,Bank Transfer,Yes,27,85.51,No
CUST_799,Male,20,Australia,15,114.51,4097.27,Month-to-month,Bank Transfer,Yes,29,34.65,No
CUST_800,Male,67,Canada,41,89.66,2386.97,One year,Other,Yes,36,97.3,Yes
CUST_801,Male,54,Germany,39,69.57,475.94,Month-to-month,Credit Card,No,2,97.97,Yes
CUST_802,Female,61,Australia,2,113.31,913.66,Month-to-month,Other,Yes,49,26.83,No
CUST_803,Male,61,Australia,29,63.91,399.41,One year,PayPal,Yes,42,4.1,No
CUST_804,Male,68,Canada,41,118.04,2546.58,One year,PayPal,No,14,70.51,No
CUST_805,Female,47,Canada,10,71.23,621.05,One year,Credit Card,Yes,20,45.1,No
CUST_806,Female,55,Australia,2,31.43,659.29,One year,Credit Card,Yes,36,10.08,Yes
CUST_807,Female,51,USA,51,96.48,4711.14,Month-to-month,PayPal,Yes,11,70.75,No
CUST_808,Male,29,Australia,11,87.89,4376.01,One year,Bank Transfer,Yes,3,3.12,No
CUST_809,Female,36,Australia,13,97.3,2315.22,One year,Credit Card,No,46,87.02,No
CUST_810,Male,54,Canada,10,115.14,4930.45,Month-to-month,PayPal,Yes,8,13.87,No
CUST_811,Male,61,Canada,14,97.65,100.91,Two year,PayPal,Yes,38,12.73,No
CUST_812,Male,66,Australia,18,81.13,3108.5,Two year,Bank Transfer,No,41,17.57,No
CUST_813,Male,34,Australia,51,105.73,3120.5,Month-to-month,Bank Transfer,Yes,27,96.03,Yes
CUST_814,Female,27,Australia,54,87.32,2341.47,Two year,Bank Transfer,Yes,22,69.32,No
CUST_815,Female,66,Canada,9,60.81,2045.05,Month-to-month,Bank Transfer,Yes,44,80.14,No
CUST_816,Male,64,Australia,57,108.56,2331.38,One year,Other,Yes,39,39.76,No
CUST_817,Male,29,Australia,39,42.19,2133.31,One year,Bank Transfer,Yes,43,33.63,No
CUST_818,Male,33,France,28,91.46,3679.41,Two year,Other,No,21,23.45,Yes
CUST_819,Female,41,USA,3,108.16,763.24,One year,Credit Card,Yes,23,48.06,Yes
CUST_820,Male,36,Germany,20,93.13,1068.43,Two year,PayPal,Yes,25,55.18,Yes
CUST_821,Male,25,USA,6,89.73,984.54,Two year,Other,Yes,29,63.18,No
CUST_822,Female,48,France,27,95.26,,One year,Credit Card,Yes,32,25.71,No
CUST_823,Female,38,Germany,53,66.51,2673.77,One year,Credit Card,No,15,94.87,No
CUST_824,Male,34,Australia,2,107.42,644.92,Two year,Other,No,21,16.98,No
CUST_825,Female,40,France,29,40.34,4354.03,One year,Credit Card,Yes,48,96.57,No
CUST_826,Female,54,Australia,38,32.74,1557.07,Month-to-month,Credit Card,Yes,49,1.49,No
CUST_827,Male,33,Canada,3,48.55,896.44,One year,Other,Yes,42,48.11,No
CUST_828,Female,23,France,16,73.16,3410.54,One year,Credit Card,Yes,17,33.34,No
CUST_829,Male,25,Canada,30,71.06,,Month-to-month,Bank Transfer,Yes,6,44.91,Yes
CUST_830,Female,42,France,40,102.06,3137.85,One year,Bank Transfer,Yes,49,57.07,Yes
CUST_831,Male,35,France,2,60.46,3521.17,One year,PayPal,Yes,25,43.56,No
CUST_832,Male,42,Canada,17,68.43,1153.09,Two year,Credit Card,Yes,7,41.48,No
CUST_833,Male,29,Germany,41,21.34,305.62,One year,PayPal,Yes,5,73.27,No
CUST_834,Female,32,USA,12,60.97,1881.86,One year,Bank Transfer,Yes,29,68.59,No
CUST_835,Male,43,Australia,35,84.78,583.11,Month-to-month,Bank Transfer,Yes,38,83.33,No
CUST_836,Female,58,France,43,21.55,670.74,Two year,Bank Transfer,Yes,22,25,No
CUST_837,Male,62,Australia,1,48.09,1345.88,Two year,Credit Card,Yes,31,60.95,No
CUST_838,Male,43,Canada,55,40.8,1547.79,Two year,Credit Card,No,21,58.52,No
CUST_839,Female,64,Australia,45,24.2,2696.85,One year,Bank Transfer,Yes,41,36.97,No
CUST_840,Male,49,Canada,15,67.93,3424.12,Two year,PayPal,Yes,42,48.61,Yes
CUST_841,Male,27,Australia,26,38.17,3004.58,Month-to-month,PayPal,Yes,44,31.38,No
CUST_842,Female,33,USA,37,94.31,826.97,Two year,Other,Yes,8,14.18,No
CUST_843,Male,24,USA,21,104.79,943.22,Month-to-month,Bank Transfer,No,30,21.38,No
CUST_844,Male,34,USA,49,74.56,4405.97,Two year,PayPal,Yes,6,10.55,No
CUST_845,Male,40,USA,31,118.17,2835.93,Two year,Bank Transfer,Yes,8,68.31,No
CUST_846,Male,43,USA,25,65.05,4362.7,Month-to-month,PayPal,No,12,66.07,Yes
CUST_847,Female,38,USA,23,71.34,1920.58,Two year,Other,Yes,2,95.06,No
CUST_848,Female,39,Canada,24,118.92,3110.56,Two year,Other,Yes,34,72.97,No
CUST_849,Male,24,France,57,43.15,2665.95,Two year,Bank Transfer,Yes,32,5.2,Yes
CUST_850,Female,31,Australia,38,114.25,1663.71,One year,PayPal,Yes,20,88.42,No
CUST_851,Male,32,USA,28,24.28,2402.59,Month-to-month,Credit Card,Yes,30,86.27,No
CUST_852,Female,24,Canada,21,64.64,2562.21,Two year,Other,Yes,33,44.33,Yes
CUST_853,Male,26,Canada,54,27,1083.78,Month-to-month,Bank Transfer,Yes,31,58.59,No
CUST_854,Male,68,Canada,43,92.92,1643.55,Month-to-month,Bank Transfer,No,34,97.61,No
CUST_855,Male,65,France,18,80.84,3977.91,Month-to-month,PayPal,Yes,14,53.23,No
CUST_856,Male,25,Australia,36,90.66,4587.36,Two year,Bank Transfer,Yes,31,90.53,No
CUST_857,Male,67,France,35,57.45,1862.99,Two year,Other,Yes,5,8.3,No
CUST_858,Male,40,Germany,45,56.95,1604.16,Month-to-month,Bank Transfer,Yes,44,19.11,Yes
CUST_859,Female,46,Canada,55,24.53,1056.47,One year,Bank Transfer,Yes,20,44.08,No
CUST_860,Male,35,Germany,9,54.99,3424.61,Month-to-month,Credit Card,No,32,58.48,No
CUST_861,Female,48,USA,53,112.93,1683.19,One year,Credit Card,Yes,31,81.62,No
CUST_862,Male,47,USA,38,57.92,4939.97,Month-to-month,Other,Yes,18,98.83,No
CUST_863,Female,69,France,58,103.14,1695.86,Month-to-month,PayPal,Yes,32,38.89,No
CUST_864,Female,56,Australia,30,104.23,2031.27,Month-to-month,Credit Card,Yes,27,4.74,No
CUST_865,Female,52,Germany,44,57.32,3056.34,Two year,PayPal,No,30,80.12,Yes
CUST_866,Male,35,Australia,34,83.2,4028.25,One year,Other,Yes,20,60.44,No
CUST_867,Male,59,France,32,29.54,2400.64,One year,Credit Card,No,33,19.85,Yes
CUST_868,Female,56,USA,3,30.37,2171.01,Month-to-month,PayPal,Yes,14,49.48,No
CUST_869,Male,34,Australia,3,24.87,4978.63,Two year,Credit Card,Yes,13,74.23,Yes
CUST_870,Female,31,Australia,28,78.1,151.42,Two year,Other,Yes,18,77.04,No
CUST_871,Male,48,USA,44,62.61,4485.82,One year,Other,Yes,42,49.96,No
CUST_872,Female,41,Germany,15,74.8,830.79,Two year,Credit Card,Yes,14,30.52,No
CUST_873,Female,52,USA,41,72.11,3951.03,One year,PayPal,Yes,5,97.37,No
CUST_874,Male,61,Australia,23,55.02,3127.86,One year,Bank Transfer,Yes,8,66.34,No
CUST_875,Female,62,Germany,40,87.75,1775.05,One year,Bank Transfer,Yes,36,40.82,No
CUST_876,Male,51,Germany,11,95.85,4381.99,Two year,Credit Card,Yes,19,28.05,No
CUST_877,Female,20,USA,48,21.46,163.25,One year,PayPal,Yes,33,73.11,No
CUST_878,Female,54,Australia,32,40.72,1210.78,One year,Bank Transfer,No,37,24.22,No
CUST_879,Male,60,France,58,91.32,2877.77,Month-to-month,Other,Yes,25,17.17,No
CUST_880,Male,57,Australia,59,58.66,1822.56,One year,PayPal,Yes,17,52.98,No
CUST_881,Male,43,Canada,57,86.25,3090.85,One year,Bank Transfer,Yes,27,29,No
CUST_882,Female,40,France,54,54.7,218.14,Month-to-month,PayPal,Yes,8,62.89,No
CUST_883,Male,61,Germany,36,59.08,670.65,Month-to-month,Credit Card,Yes,31,11.79,No
CUST_884,Female,56,France,33,35.87,722.77,Two year,PayPal,Yes,5,65.49,No
CUST_885,Female,32,Germany,24,45.82,1027.49,One year,Bank Transfer,Yes,13,28.33,No
CUST_886,Male,66,Germany,39,80.54,2350.72,Two year,Credit Card,No,27,0.02,No
CUST_887,Male,21,France,34,63.32,3785.43,Two year,PayPal,Yes,23,12.69,No
CUST_888,Female,46,Germany,56,97.43,4537.14,Month-to-month,Other,Yes,12,93.36,No
CUST_889,Female,39,Germany,28,105.26,4193.33,Two year,Bank Transfer,Yes,42,86.74,No
CUST_890,Male,42,Canada,37,74.16,1064.75,One year,Credit Card,Yes,11,23.36,No
CUST_891,Male,30,Australia,7,95.83,2261.64,Month-to-month,PayPal,Yes,18,77.84,Yes
CUST_892,Male,35,Australia,4,50.69,1077.12,One year,Other,Yes,20,60.86,No
CUST_893,Male,50,Canada,37,61.5,1395.91,One year,Bank Transfer,Yes,26,97.09,No
CUST_894,Male,33,France,56,91.28,2567.38,Month-to-month,Other,Yes,18,37.36,No
CUST_895,Female,62,USA,1,58.62,433.73,One year,PayPal,Yes,23,68.15,No
CUST_896,Female,59,USA,1,78.85,1169.05,Month-to-month,PayPal,Yes,25,6.35,No
CUST_897,Female,61,USA,47,38.54,4683.35,One year,Credit Card,Yes,44,39.62,No
CUST_898,Female,19,Canada,20,79.98,2383.97,Month-to-month,Other,Yes,27,96.38,No
CUST_899,Male,52,Canada,19,106.15,2282.39,Two year,Credit Card,No,45,53.9,No
CUST_900,Male,59,Germany,29,106.86,171.38,One year,Bank Transfer,No,17,28.79,No
CUST_901,Male,51,USA,10,92.43,1312.26,Month-to-month,Credit Card,Yes,43,12.03,No
CUST_902,Female,47,France,18,94.58,,One year,Bank Transfer,Yes,35,70.35,Yes
CUST_903,Female,30,France,28,75.79,906.68,One year,PayPal,Yes,41,64.49,No
CUST_904,Male,30,USA,35,78.47,2134.11,One year,PayPal,Yes,28,37.39,No
CUST_905,Male,35,USA,43,33.37,170.22,Month-to-month,Other,Yes,16,95.09,No
CUST_906,Female,49,USA,47,64.39,2443.84,Two year,Bank Transfer,Yes,3,2.22,No
CUST_907,Female,49,Canada,31,65.08,203,Two year,PayPal,Yes,43,30.37,No
CUST_908,Male,52,Canada,27,115.85,4116.09,Two year,Other,Yes,44,92.11,No
CUST_909,Male,56,Canada,11,63.11,4141.78,Month-to-month,Other,Yes,28,32.09,No
CUST_910,Female,63,Australia,49,74.93,3959.94,Two year,Credit Card,No,3,25.23,No
CUST_911,Male,69,France,49,73.33,1488.48,Month-to-month,Other,Yes,9,53.42,No
CUST_912,Male,46,France,38,83.68,4202.46,One year,PayPal,Yes,24,82.38,No
CUST_913,Male,66,Germany,5,94.82,2760.69,One year,Credit Card,Yes,30,10.31,Yes
CUST_914,Female,46,Canada,8,42.5,1931.66,Two year,Bank Transfer,Yes,2,94.3,No
CUST_915,Female,61,Australia,34,72.87,3164.12,Month-to-month,Bank Transfer,Yes,46,79.51,Yes
CUST_916,Female,33,Australia,48,102.59,160.47,One year,PayPal,Yes,1,18.13,Yes
CUST_917,Female,61,France,52,66.31,800.51,Month-to-month,PayPal,No,24,71.2,No
CUST_918,Female,64,Canada,56,47.85,3737.24,Month-to-month,Credit Card,Yes,48,38.5,No
CUST_919,Female,27,Germany,12,85.47,1296.39,One year,Credit Card,Yes,5,40.23,No
CUST_920,Female,47,Canada,38,102.38,3030.24,Month-to-month,PayPal,Yes,25,78.33,No
CUST_921,Male,42,USA,1,26.31,1987,One year,PayPal,Yes,7,96.28,No
CUST_922,Male,56,Canada,31,97.68,4288.55,One year,Bank Transfer,Yes,34,12.67,No
CUST_923,Male,37,USA,4,102.16,4766.83,One year,Bank Transfer,No,26,42.06,No
CUST_924,Male,22,USA,49,66.15,4429.47,Month-to-month,Bank Transfer,No,24,48.09,No
CUST_925,Male,18,Germany,45,118.33,1426.04,One year,PayPal,Yes,17,37.63,No
CUST_926,Male,47,France,50,98.67,1051.4,Month-to-month,Other,Yes,0,36.32,No
CUST_927,Male,66,Canada,5,97.37,2424.73,One year,PayPal,Yes,47,5.23,No
CUST_928,Female,20,USA,30,94.78,135.94,One year,PayPal,Yes,38,68.55,Yes
CUST_929,Female,62,Canada,56,35.06,226.47,Two year,Bank Transfer,No,2,43.62,No
CUST_930,Male,31,France,24,41.72,2811.12,Two year,PayPal,Yes,3,19.48,No
CUST_931,Male,47,France,59,66.4,2650.2,Two year,Credit Card,Yes,40,81.6,No
CUST_932,Female,67,Australia,3,46.4,4973.45,Month-to-month,PayPal,Yes,36,80.26,No
CUST_933,Male,21,France,11,61.52,1089.02,Month-to-month,PayPal,Yes,14,48.64,Yes
CUST_934,Male,35,Germany,45,108.85,,One year,PayPal,No,7,29.85,Yes
CUST_935,Female,54,USA,4,102.43,656.35,One year,PayPal,Yes,37,63.81,No
CUST_936,Male,42,Australia,26,83,4595.96,One year,Other,Yes,49,28.82,Yes
CUST_937,Female,65,Germany,27,105.81,3911.28,One year,PayPal,Yes,18,23.6,Yes
CUST_938,Male,18,Canada,46,98.38,4129.46,Month-to-month,Credit Card,Yes,46,73.05,No
CUST_939,Female,63,USA,54,62.9,4523.54,One year,Credit Card,Yes,25,4.03,No
CUST_940,Female,32,France,43,40.11,2672.01,One year,PayPal,Yes,38,9.48,Yes
CUST_941,Female,26,USA,27,71.42,2310.85,Two year,Bank Transfer,Yes,9,0.68,No
CUST_942,Male,32,Canada,42,93.62,1718.92,One year,Other,Yes,37,15.29,No
CUST_943,Female,66,Australia,51,63.64,2987.15,One year,PayPal,Yes,13,6.9,Yes
CUST_944,Male,41,Australia,50,86.68,2325.96,One year,PayPal,Yes,48,99.58,No
CUST_945,Male,21,Australia,6,29.43,2312.67,Month-to-month,PayPal,Yes,40,28.88,No
CUST_946,Male,29,France,59,94.8,4690.95,Two year,Bank Transfer,Yes,18,14.93,No
CUST_947,Male,54,Germany,15,101.27,4921.75,One year,Bank Transfer,Yes,29,24.1,No
CUST_948,Female,54,Germany,53,90.68,4002.77,One year,Bank Transfer,Yes,4,93.61,Yes
CUST_949,Female,60,USA,30,116.73,3808.11,Two year,Other,Yes,30,52.02,No
CUST_950,Male,23,France,42,102.67,3434.73,One year,Credit Card,Yes,6,36.48,No
CUST_951,Male,56,Australia,37,110.31,913.77,Month-to-month,Other,No,18,87.34,No
CUST_952,Female,63,Australia,58,113.36,389.62,One year,Bank Transfer,Yes,30,39.5,Yes
CUST_953,Male,41,Canada,37,100.13,3484.56,Month-to-month,Credit Card,Yes,38,33.5,No
CUST_954,Female,28,Canada,42,87.43,3671.05,Month-to-month,Credit Card,Yes,23,20.73,No
CUST_955,Male,30,Australia,37,20.57,330.17,One year,Bank Transfer,Yes,33,37.78,No
CUST_956,Male,51,Australia,35,66.58,4647.45,Two year,Bank Transfer,Yes,22,31.67,Yes
CUST_957,Female,42,France,23,77.12,546.59,Month-to-month,Other,Yes,47,67.73,No
CUST_958,Male,24,Germany,6,50.4,1500.91,Two year,Bank Transfer,Yes,44,28.96,No
CUST_959,Female,69,Canada,4,51.81,,One year,Credit Card,Yes,39,57.72,No
CUST_960,Male,21,Germany,18,116.12,,Month-to-month,PayPal,Yes,5,6.59,No
CUST_961,Male,25,France,9,109.17,371.54,One year,Bank Transfer,Yes,37,19.13,No
CUST_962,Male,37,Australia,49,104.92,1722.62,Two year,Bank Transfer,Yes,40,40.74,No
CUST_963,Female,46,Germany,29,60.6,3853.26,One year,Other,Yes,35,93.69,No
CUST_964,Male,68,Australia,13,21.37,2127.03,One year,Other,Yes,26,37.73,No
CUST_965,Male,62,Australia,59,28.02,3299.57,Month-to-month,Bank Transfer,No,10,66.41,No
CUST_966,Male,63,USA,47,51.22,2940.13,One year,Credit Card,Yes,4,25.51,Yes
CUST_967,Male,27,Germany,52,21.57,208.87,One year,Credit Card,Yes,16,12.7,No
CUST_968,Female,60,Germany,17,21.71,4943.85,One year,PayPal,No,6,5.85,No
CUST_969,Female,51,Australia,45,111.66,303,Month-to-month,Bank Transfer,Yes,26,30.54,No
CUST_970,Male,43,France,32,90.62,4842.23,Two year,Other,Yes,46,15.77,No
CUST_971,Female,58,USA,48,50.9,2794.33,Two year,Credit Card,Yes,14,17.4,No
CUST_972,Male,66,Australia,22,33.26,4819.48,One year,PayPal,No,45,76.08,No
CUST_973,Male,20,Canada,4,71.16,662.29,Month-to-month,Bank Transfer,No,12,1.58,Yes
CUST_974,Male,23,Canada,5,20.53,2503,One year,Credit Card,Yes,10,55.78,No
CUST_975,Female,22,USA,37,113.84,930.57,Two year,Bank Transfer,Yes,44,37.95,Yes
CUST_976,Female,22,France,41,61.48,,Month-to-month,Bank Transfer,Yes,25,50.65,No
CUST_977,Female,64,Australia,49,60.23,3125.89,Two year,Credit Card,Yes,21,56.28,No
CUST_978,Female,40,Germany,13,59.06,1118.14,Two year,Credit Card,Yes,27,31.34,No
CUST_979,Female,66,USA,34,26.93,2979.72,Month-to-month,Credit Card,Yes,23,29.51,No
CUST_980,Female,26,France,45,83.83,650.59,Month-to-month,Bank Transfer,Yes,28,73.34,Yes
CUST_981,Female,52,Germany,22,93.3,1726.73,One year,Bank Transfer,Yes,8,87.13,Yes
CUST_982,Female,37,Canada,53,87.61,,One year,PayPal,Yes,41,19.26,No
CUST_983,Female,66,Canada,59,33.84,2241.55,Two year,Other,Yes,3,9.76,No
CUST_984,Male,59,Germany,23,77.88,3175.95,Month-to-month,Bank Transfer,Yes,48,89.78,No
CUST_985,Female,52,USA,51,76.95,3272.54,Month-to-month,Other,No,45,34.99,No
CUST_986,Female,67,Canada,3,106.84,4234.4,One year,Credit Card,Yes,17,55.13,No
CUST_987,Female,35,Australia,42,57.91,1692.12,Two year,Bank Transfer,Yes,42,35.95,No
CUST_988,Female,34,Germany,34,57.15,3467.75,Two year,PayPal,Yes,15,12.58,No
CUST_989,Female,41,Germany,32,81.85,4811.92,One year,PayPal,Yes,32,58.93,No
CUST_990,Female,20,Canada,45,83.31,3678.19,Month-to-month,Other,No,28,52.51,No
CUST_991,Female,49,USA,51,66.93,2500.37,One year,Credit Card,Yes,38,20.3,No
CUST_992,Female,52,Australia,58,64.31,3190.52,One year,Other,Yes,9,45.19,Yes
CUST_993,Female,55,USA,49,69.41,3724.45,One year,Credit Card,Yes,8,79.69,No
CUST_994,Female,30,France,21,106.1,3100.15,One year,PayPal,Yes,30,59.04,No
CUST_995,Female,64,France,46,66.12,181.71,Month-to-month,Other,Yes,27,9.69,No
CUST_996,Male,42,Canada,44,113.99,1054.39,One year,PayPal,Yes,2,54.8,No
CUST_997,Male,26,Canada,21,70.4,4071.29,Month-to-month,PayPal,Yes,13,70.27,Yes
CUST_998,Female,21,Canada,44,114.92,1435.99,One year,Credit Card,Yes,24,79.27,Yes
CUST_999,Female,31,France,11,103.28,3684.65,Two year,Other,Yes,14,62.91,No
CUST_1000,Male,54,USA,39,56.24,1923.39,Month-to-month,Other,No,1,15.27,No
